Player,Season,Team,S/C,Pos,GP,G,A,P,+/-,PIM,P/GP,EVG,EVP,PPG,PPP,SHG,SHP,OTG,GWG,S,S%,TOI/GP,FOW%
Rodrigo Abols,20252026,PHI,L,C,42,3,7,10,-1,22,0.24,2,8,0,0,1,2,0,0,43,7,10:30,52.1
Noel Acciari,20252026,PIT,R,C,42,6,9,15,9,17,0.36,6,15,0,0,0,0,0,0,54,11.1,13:09,54.8
Andrew Agozzino,20252026,UTA,L,L,2,0,0,0,0,0,0,0,0,0,0,0,0,0,0,0,--,6:08,42.9
Jack Ahcan,20252026,COL,L,D,9,0,2,2,3,0,0.22,0,2,0,0,0,0,0,0,5,--,11:27,--
Sebastian Aho,20252026,CAR,L,C,57,20,37,57,12,30,1,15,37,4,17,1,3,2,3,128,15.6,19:46,50.6
Michael Amadio,20252026,OTT,R,R,57,8,14,22,4,14,0.39,8,22,0,0,0,0,0,1,68,11.8,15:45,38.5
Nils Aman,20252026,VAN,L,C,2,0,0,0,0,0,0,0,0,0,0,0,0,0,0,1,--,8:40,50
Josh Anderson,20252026,MTL,R,R,51,12,8,20,-6,54,0.39,10,16,0,0,2,4,0,1,63,19,14:24,70
Mikey Anderson,20252026,LAK,L,D,54,2,7,9,4,14,0.17,2,9,0,0,0,0,0,0,45,4.4,20:01,--
Rasmus Andersson,20252026,"CGY,VGK",R,D,56,11,23,34,6,55,0.61,7,24,4,10,0,0,0,0,131,8.4,23:54,--
Emil Andrae,20252026,PHI,L,D,40,1,10,11,11,16,0.28,1,10,0,1,0,0,0,0,26,3.8,16:54,--
Mason Appleton,20252026,DET,R,C,48,5,6,11,-4,30,0.23,5,11,0,0,0,0,0,2,47,10.6,13:40,26.3
Joel Armia,20252026,LAK,R,R,51,10,10,20,3,24,0.39,5,14,1,1,4,5,0,0,65,15.4,14:35,38
Viktor Arvidsson,20252026,BOS,R,L,45,14,14,28,8,20,0.62,10,21,4,7,0,0,0,5,124,11.3,14:28,63.6
Jonathan Aspirot,20252026,BOS,L,D,37,2,5,7,22,33,0.19,2,7,0,0,0,0,0,0,23,8.7,16:33,--
Zach Aston-Reese,20252026,CBJ,L,L,26,1,4,5,-1,12,0.19,1,5,0,0,0,0,0,0,17,5.9,9:37,28
Nicolas Aube-Kubel,20252026,MIN,R,R,4,0,1,1,1,6,0.25,0,1,0,0,0,0,0,0,4,--,12:08,--
Mikael Backlund,20252026,CGY,L,C,56,12,21,33,13,12,0.59,10,26,1,3,1,4,0,2,135,8.9,17:42,50.2
Kevin Bahl,20252026,CGY,L,D,55,3,10,13,11,33,0.24,3,12,0,0,0,1,0,2,45,6.7,21:54,--
Arshdeep Bains,20252026,VAN,L,L,28,1,4,5,-3,12,0.18,1,4,0,1,0,0,0,0,18,5.6,9:12,14.3
Uvis Balinskis,20252026,FLA,L,D,48,5,9,14,-10,28,0.29,2,8,3,6,0,0,0,1,58,8.6,16:25,--
Ivan Barbashev,20252026,VGK,L,L,57,16,25,41,13,10,0.72,15,39,1,2,0,0,0,2,87,18.4,16:10,21.6
Zakhar Bardakov,20252026,COL,L,C,42,1,8,9,7,12,0.21,1,9,0,0,0,0,0,0,23,4.3,7:09,43.4
Denver Barkey,20252026,PHI,L,C,22,2,7,9,-6,12,0.41,1,6,1,3,0,0,0,0,23,8.7,13:34,33.3
Justin Barron,20252026,NSH,R,D,32,0,5,5,-4,8,0.16,0,5,0,0,0,0,0,0,21,--,13:58,--
Morgan Barron,20252026,WPG,L,C,47,7,10,17,5,24,0.36,5,15,0,0,2,2,0,2,73,9.6,12:34,47.8
Alex Barré-Boulet,20252026,COL,L,C,1,0,1,1,0,0,1,0,1,0,0,0,0,0,0,0,--,3:46,--
Mathew Barzal,20252026,NYI,R,C,57,17,34,51,12,43,0.89,15,37,2,14,0,0,1,3,124,13.7,20:42,39.8
Nathan Bastian,20252026,DAL,R,R,24,3,0,3,1,15,0.13,3,3,0,0,0,0,0,0,16,18.8,8:22,--
Drake Batherson,20252026,OTT,R,R,54,19,30,49,-4,23,0.91,12,31,7,18,0,0,0,3,111,17.1,17:47,47.4
Jake Bean,20252026,CGY,L,D,16,1,1,2,-7,16,0.13,1,2,0,0,0,0,0,0,16,6.3,15:57,--
Anthony Beauvillier,20252026,WSH,L,L,59,12,8,20,3,20,0.34,12,19,0,0,0,1,0,4,125,9.6,15:47,45.9
Owen Beck,20252026,MTL,R,C,15,1,0,1,4,6,0.07,1,1,0,0,0,0,0,0,11,9.1,9:11,58.7
Connor Bedard,20252026,CHI,R,C,44,23,30,53,-2,32,1.2,17,38,6,15,0,0,0,3,143,16.1,20:58,47
John Beecher,20252026,"BOS,CGY",L,C,25,1,2,3,-5,29,0.12,1,2,0,0,0,1,0,0,21,4.8,9:49,41.7
Matty Beniers,20252026,SEA,L,C,56,14,23,37,-2,18,0.66,9,27,5,10,0,0,0,1,105,13.3,19:33,49.1
Jamie Benn,20252026,DAL,L,L,35,9,13,22,10,21,0.63,9,20,0,2,0,0,0,1,46,19.6,12:32,50.7
Sam Bennett,20252026,FLA,L,C,57,19,23,42,-11,72,0.74,17,33,2,9,0,0,1,4,147,12.9,18:29,47.2
Matthew Benning,20252026,TOR,R,D,1,0,0,0,0,0,0,0,0,0,0,0,0,0,0,0,--,12:26,--
Simon Benoit,20252026,TOR,L,D,49,0,3,3,-5,29,0.06,0,3,0,0,0,0,0,0,31,--,17:21,--
Zach Benson,20252026,BUF,L,L,42,7,19,26,16,20,0.62,6,20,1,5,0,1,0,4,75,9.3,16:30,44.4
Brett Berard,20252026,NYR,L,L,13,0,0,0,-1,6,0,0,0,0,0,0,0,0,0,10,--,10:33,--
Jonatan Berggren,20252026,"DET,STL",L,R,35,7,7,14,-4,6,0.4,4,11,3,3,0,0,0,1,43,16.3,13:29,33.3
Jacob Bernard-Docker,20252026,DET,R,D,42,0,4,4,8,14,0.1,0,4,0,0,0,0,0,0,30,--,15:01,--
Tyler Bertuzzi,20252026,CHI,L,L,54,25,17,42,-17,34,0.78,16,25,9,17,0,0,1,3,119,21,18:25,48.4
Lian Bichsel,20252026,DAL,L,D,26,1,2,3,6,22,0.12,1,3,0,0,0,0,0,0,9,11.1,15:49,--
Oliver Bjorkstrand,20252026,TBL,R,R,55,10,17,27,-6,10,0.49,2,14,8,13,0,0,0,1,91,11,14:03,41.7
Tobias Bjornfot,20252026,FLA,L,D,10,2,1,3,4,0,0.3,2,3,0,0,0,0,0,0,8,25,11:20,--
Nick Bjugstad,20252026,"STL,NJD",R,C,36,6,1,7,-8,25,0.19,5,6,0,0,1,1,0,1,55,10.9,11:37,50.6
Colin Blackwell,20252026,DAL,R,C,46,2,5,7,-5,20,0.15,2,7,0,0,0,0,0,1,36,5.6,11:32,41.4
Samuel Blais,20252026,"TOR,MTL",L,L,21,3,5,8,2,10,0.38,3,8,0,0,0,0,0,0,18,16.7,8:26,33.3
Jackson Blake,20252026,CAR,R,R,57,16,17,33,0,30,0.58,13,25,3,8,0,0,1,2,116,13.8,16:27,--
Nick Blankenburg,20252026,NSH,R,D,45,6,15,21,-11,10,0.47,3,14,3,7,0,0,0,0,56,10.7,17:58,--
Anton Blidh,20252026,NYR,L,L,4,0,1,1,1,0,0.25,0,1,0,0,0,0,0,0,4,--,7:42,--
Teddy Blueger,20252026,VAN,L,C,10,5,3,8,3,2,0.8,3,6,0,0,2,2,0,1,19,26.3,16:16,47.5
Matej Blümel,20252026,BOS,L,R,4,0,0,0,-3,0,0,0,0,0,0,0,0,0,0,4,--,10:52,--
Brock Boeser,20252026,VAN,R,R,50,12,13,25,-30,6,0.5,10,16,2,9,0,0,1,2,114,10.5,19:02,44.6
Zach Bogosian,20252026,MIN,R,D,25,1,4,5,8,6,0.2,1,5,0,0,0,0,0,0,21,4.8,14:55,--
Zachary Bolduc,20252026,MTL,L,R,57,10,13,23,-11,24,0.4,7,17,3,6,0,0,0,2,77,13,13:32,51.4
Matt Boldy,20252026,MIN,L,L,54,32,30,62,14,26,1.15,20,40,9,19,3,3,1,3,173,18.5,20:51,45.7
Adam Boqvist,20252026,NYI,R,D,20,0,1,1,-3,6,0.05,0,1,0,0,0,0,0,0,7,--,12:30,--
Jesper Boqvist,20252026,FLA,L,C,51,3,5,8,-7,16,0.16,3,7,0,1,0,0,0,1,41,7.3,10:51,32
Will Borgen,20252026,NYR,R,D,50,3,3,6,-5,28,0.12,3,6,0,0,0,0,0,2,49,6.1,18:30,--
Evan Bouchard,20252026,EDM,R,D,58,15,48,63,11,24,1.09,9,40,6,22,0,1,1,3,161,9.3,24:44,--
Xavier Bourgault,20252026,OTT,R,R,2,0,0,0,-1,0,0,0,0,0,0,0,0,0,0,3,--,5:58,--
Mavrik Bourque,20252026,DAL,R,C,57,11,11,22,-2,4,0.39,10,18,1,4,0,0,0,0,94,11.7,14:23,43.6
Braeden Bowman,20252026,VGK,R,R,41,7,13,20,-13,4,0.49,5,18,2,2,0,0,0,2,54,13,13:58,27.3
Michael Brandsegg-Nygård,20252026,DET,R,R,9,0,1,1,-5,2,0.11,0,1,0,0,0,0,0,0,14,--,12:27,--
Jesper Bratt,20252026,NJD,L,L,57,13,28,41,-19,10,0.72,8,27,4,13,1,1,1,3,125,10.4,18:55,33.3
Justin Brazeau,20252026,PIT,R,R,42,15,12,27,2,10,0.64,12,23,3,4,0,0,0,4,78,19.2,12:56,--
Gavin Brindley,20252026,COL,R,C,42,5,6,11,6,8,0.26,5,11,0,0,0,0,1,3,49,10.2,10:11,37.5
Bobby Brink,20252026,PHI,R,R,50,13,11,24,-5,20,0.48,10,18,3,6,0,0,0,3,83,15.7,15:17,30.2
Philip Broberg,20252026,STL,L,D,56,3,16,19,-1,10,0.34,3,19,0,0,0,0,0,0,72,4.2,23:01,--
Jonas Brodin,20252026,MIN,L,D,42,3,12,15,13,8,0.36,3,14,0,1,0,0,0,1,43,7,21:20,--
Jonny Brodzinski,20252026,NYR,R,C,39,4,6,10,-5,10,0.26,4,10,0,0,0,0,0,0,37,10.8,11:09,55.8
Connor Brown,20252026,NJD,R,R,50,10,12,22,-8,10,0.44,8,18,1,3,1,1,0,1,71,14.1,16:46,26.3
Tristan Broz,20252026,PIT,L,C,1,0,0,0,-1,0,0,0,0,0,0,0,0,0,0,2,--,11:30,50
Harrison Brunicke,20252026,PIT,R,D,9,1,0,1,-4,6,0.11,1,1,0,0,0,0,0,0,8,12.5,15:43,--
Jacob Bryson,20252026,BUF,L,D,35,2,3,5,-1,8,0.14,2,5,0,0,0,0,0,0,12,16.7,10:02,--
Hunter Brzustewicz,20252026,CGY,R,D,18,1,1,2,-1,0,0.11,1,2,0,0,0,0,0,0,17,5.9,13:59,--
Pavel Buchnevich,20252026,STL,L,L,57,12,22,34,-15,18,0.6,8,21,4,13,0,0,0,1,107,11.2,18:20,39.8
Zeev Buium,20252026,"MIN,VAN",L,D,51,5,15,20,-17,14,0.39,2,8,3,12,0,0,0,1,49,10.2,19:14,--
Michael Bunting,20252026,NSH,L,L,57,12,18,30,-12,14,0.53,8,22,4,8,0,0,0,1,103,11.7,14:52,29.6
Andre Burakovsky,20252026,CHI,L,L,51,10,20,30,-22,12,0.59,7,20,3,10,0,0,0,1,69,14.5,17:04,33.3
Brent Burns,20252026,COL,R,D,55,9,17,26,28,20,0.47,9,25,0,1,0,0,0,5,119,7.6,19:31,--
Daniil But,20252026,UTA,R,L,28,3,4,7,2,8,0.25,2,4,1,3,0,0,0,0,43,7,12:35,30
Quinton Byfield,20252026,LAK,L,R,55,11,19,30,-6,30,0.55,8,21,3,8,0,1,2,3,115,9.6,19:59,42.4
Bowen Byram,20252026,BUF,L,D,57,10,18,28,9,30,0.49,9,24,1,4,0,0,1,4,71,14.1,22:30,--
Oskar Bäck,20252026,DAL,L,C,47,4,4,8,3,6,0.17,3,7,0,0,1,1,0,1,26,15.4,12:16,46.7
Michael Callahan,20252026,BOS,L,D,5,0,0,0,-1,0,0,0,0,0,0,0,0,0,0,3,--,12:59,--
Kyle Capobianco,20252026,DAL,L,D,31,2,3,5,0,8,0.16,2,5,0,0,0,0,0,0,17,11.8,12:11,--
Michael Carcone,20252026,UTA,L,L,55,11,10,21,6,20,0.38,10,20,1,1,0,0,0,0,105,10.5,12:31,43.5
Ethan Cardwell,20252026,SJS,R,R,7,1,0,1,-3,2,0.14,1,1,0,0,0,0,0,1,6,16.7,11:56,--
Declan Carlile,20252026,TBL,L,D,34,1,2,3,7,23,0.09,1,3,0,0,0,0,0,0,29,3.4,14:28,--
Brandon Carlo,20252026,TOR,R,D,34,0,5,5,4,21,0.15,0,5,0,0,0,0,0,0,39,--,19:37,--
John Carlson,20252026,WSH,R,D,55,10,36,46,11,26,0.84,10,37,0,9,0,0,0,0,115,8.7,22:52,--
Leo Carlsson,20252026,ANA,L,C,44,18,26,44,3,29,1,13,29,3,12,2,3,1,3,107,16.8,19:28,45.5
Sam Carrick,20252026,NYR,R,C,57,3,6,9,-3,48,0.16,3,8,0,0,0,1,0,0,55,5.5,10:30,53.6
Alexandre Carrier,20252026,MTL,R,D,57,6,12,18,-3,24,0.32,6,18,0,0,0,0,0,0,48,12.5,19:33,--
William Carrier,20252026,CAR,L,L,46,6,6,12,2,16,0.26,6,12,0,0,0,0,0,2,55,10.9,11:16,20
Seamus Casey,20252026,NJD,R,D,2,0,0,0,-3,0,0,0,0,0,0,0,0,0,0,4,--,18:01,--
Noah Cates,20252026,PHI,L,L,56,10,16,26,15,33,0.46,8,20,2,6,0,0,1,3,88,11.4,16:23,44.9
Berkly Catton,20252026,SEA,L,C,40,5,6,11,-3,16,0.28,4,9,1,2,0,0,0,2,44,11.4,12:23,40.6
Cole Caufield,20252026,MTL,R,R,57,32,25,57,19,14,1,25,37,7,20,0,0,4,8,171,18.7,18:13,37.5
Cody Ceci,20252026,LAK,R,D,56,1,7,8,-3,10,0.14,1,7,0,0,0,1,0,0,43,2.3,17:29,--
Macklin Celebrini,20252026,SJS,L,C,55,28,53,81,10,32,1.47,23,57,5,24,0,0,2,4,190,14.7,21:11,49.4
Erik Cernak,20252026,TBL,R,D,36,1,6,7,2,41,0.19,1,6,0,0,0,1,0,0,32,3.1,18:29,--
Thomas Chabot,20252026,OTT,L,D,42,5,17,22,0,18,0.52,3,15,2,6,0,1,0,0,71,7,21:51,--
Mitchell Chaffee,20252026,TBL,R,R,7,0,0,0,0,4,0,0,0,0,0,0,0,0,0,8,--,9:29,33.3
Jalen Chatfield,20252026,CAR,R,D,50,1,12,13,20,16,0.26,1,13,0,0,0,0,0,1,70,1.4,20:04,--
Igor Chernyshov,20252026,SJS,R,L,15,3,8,11,2,2,0.73,2,8,1,3,0,0,0,1,27,11.1,15:47,--
Ben Chiarot,20252026,DET,L,D,58,5,7,12,-3,52,0.21,5,12,0,0,0,0,0,0,72,6.9,20:59,--
Nikita Chibrikov,20252026,WPG,L,R,8,0,0,0,0,12,0,0,0,0,0,0,0,0,0,5,--,9:12,--
Egor Chinakhov,20252026,"CBJ,PIT",L,R,47,11,7,18,-2,6,0.38,11,18,0,0,0,0,0,3,75,14.7,11:35,33.3
Declan Chisholm,20252026,WSH,L,D,21,1,3,4,0,4,0.19,1,4,0,0,0,0,0,0,19,5.3,13:55,--
Jaroslav Chmelar,20252026,NYR,R,R,6,0,0,0,-2,7,0,0,0,0,0,0,0,0,0,3,--,7:51,--
Dennis Cholowski,20252026,NJD,L,D,15,0,1,1,-5,2,0.07,0,1,0,0,0,0,0,0,10,--,14:28,--
Jake Christiansen,20252026,CBJ,L,D,32,0,2,2,-9,4,0.06,0,2,0,0,0,0,0,0,22,--,10:12,--
Jakob Chychrun,20252026,WSH,L,D,57,21,25,46,23,51,0.81,15,33,6,13,0,0,2,5,182,11.5,23:39,--
Filip Chytil,20252026,VAN,L,C,12,3,0,3,-7,6,0.25,3,3,0,0,0,0,0,1,24,12.5,15:00,49.2
Anthony Cirelli,20252026,TBL,L,C,49,15,20,35,30,29,0.71,12,29,3,4,0,2,1,3,90,16.7,17:28,48.1
Casey Cizikas,20252026,NYI,L,C,57,7,8,15,1,10,0.26,6,13,0,0,1,2,0,0,49,14.3,11:39,53.9
Brandt Clarke,20252026,LAK,R,D,56,6,21,27,8,38,0.48,5,19,1,8,0,0,0,2,112,5.4,19:20,--
Connor Clattenburg,20252026,EDM,L,C,5,1,0,1,1,13,0.2,1,1,0,0,0,0,0,0,3,33.3,7:12,--
Connor Clifton,20252026,PIT,R,D,26,1,2,3,1,29,0.12,1,3,0,0,0,0,0,0,18,5.6,16:22,--
Dylan Coghlan,20252026,VGK,R,D,2,0,0,0,-1,2,0,0,0,0,0,0,0,0,0,1,--,14:58,--
Sam Colangelo,20252026,ANA,R,R,9,1,0,1,-3,4,0.11,1,1,0,0,0,0,0,0,7,14.3,10:11,50
Ian Cole,20252026,UTA,L,D,57,2,14,16,19,33,0.28,2,15,0,0,0,1,0,0,42,4.8,18:22,--
Blake Coleman,20252026,CGY,L,L,44,13,8,21,10,29,0.48,10,18,0,0,3,3,0,3,105,12.4,17:00,44.4
Ross Colton,20252026,COL,L,C,52,7,15,22,14,9,0.42,7,22,0,0,0,0,0,2,124,5.6,13:00,45.8
J.T. Compher,20252026,DET,R,L,58,8,11,19,-5,23,0.33,8,19,0,0,0,0,0,1,69,11.6,15:10,51.2
Kyle Connor,20252026,WPG,L,L,56,25,39,64,-3,12,1.14,20,47,3,14,2,3,1,1,185,13.5,21:08,--
Logan Cooley,20252026,UTA,L,C,29,14,9,23,6,22,0.79,10,18,3,4,1,1,0,1,59,23.7,17:49,41.3
Braeden Cootes,20252026,VAN,R,C,3,0,0,0,-2,0,0,0,0,0,0,0,0,0,0,0,--,10:47,38.5
Andrew Copp,20252026,DET,L,C,58,8,25,33,-1,16,0.57,7,26,1,7,0,0,1,1,84,9.5,16:06,54.8
Matt Coronato,20252026,CGY,R,R,55,14,15,29,-22,18,0.53,8,19,6,10,0,0,0,3,137,10.2,16:39,38.7
Paul Cotter,20252026,NJD,L,L,54,5,5,10,-15,17,0.19,5,9,0,1,0,0,0,1,47,10.6,11:32,50
Nick Cousins,20252026,OTT,L,C,56,8,8,16,8,61,0.29,8,16,0,0,0,0,0,1,52,15.4,10:49,45.8
Sean Couturier,20252026,PHI,L,C,55,5,21,26,-5,22,0.47,5,25,0,1,0,0,0,1,90,5.6,17:07,53.3
Easton Cowan,20252026,TOR,L,R,43,7,10,17,2,14,0.4,7,16,0,1,0,0,1,1,65,10.8,13:31,33.3
Charlie Coyle,20252026,CBJ,R,C,56,15,27,42,4,8,0.75,11,35,4,7,0,0,0,1,96,15.6,17:43,50.5
Dylan Cozens,20252026,OTT,R,C,57,18,25,43,-13,40,0.75,8,19,10,24,0,0,0,2,133,13.5,17:10,53
Louis Crevier,20252026,CHI,R,D,54,4,11,15,-1,45,0.28,3,13,0,0,1,2,0,1,80,5,16:19,--
Angus Crookshank,20252026,NJD,L,C,8,1,0,1,1,4,0.13,1,1,0,0,0,0,0,0,4,25,8:36,33.3
Sidney Crosby,20252026,PIT,L,C,56,27,32,59,1,38,1.05,17,39,10,20,0,0,1,4,132,20.5,19:35,55.4
Lawson Crouse,20252026,UTA,L,L,56,14,15,29,20,16,0.52,13,27,0,0,1,2,0,2,91,15.4,16:33,37.5
Max Crozier,20252026,TBL,R,D,34,1,9,10,7,40,0.29,1,9,0,0,0,1,0,0,44,2.3,16:00,--
Will Cuylle,20252026,NYR,L,L,57,13,14,27,-19,39,0.47,9,19,4,8,0,0,1,1,109,11.9,17:10,52.9
Charle-Edouard D'Astous,20252026,TBL,L,D,43,3,14,17,0,57,0.4,3,15,0,2,0,0,0,2,52,5.8,19:23,--
Colton Dach,20252026,CHI,L,C,52,3,6,9,-15,45,0.17,2,7,1,2,0,0,0,1,51,5.9,11:45,36.6
Kirby Dach,20252026,MTL,R,C,23,7,5,12,0,23,0.52,7,10,0,2,0,0,0,0,32,21.9,14:06,42.3
Evgenii Dadonov,20252026,NJD,L,L,17,0,0,0,-3,2,0,0,0,0,0,0,0,0,0,16,--,11:06,--
Rasmus Dahlin,20252026,BUF,L,D,53,11,37,48,-6,51,0.91,7,31,4,17,0,0,0,0,143,7.7,24:33,--
Phillip Danault,20252026,"LAK,MTL",L,C,51,3,11,14,0,20,0.27,2,12,0,0,1,2,0,0,73,4.1,16:09,55.3
Justin Danforth,20252026,BUF,R,R,4,0,0,0,-2,2,0,0,0,0,0,0,0,0,0,2,--,11:42,54.8
Nate Danielson,20252026,DET,R,C,28,2,5,7,-7,4,0.25,2,4,0,3,0,0,0,0,31,6.5,11:03,37.7
Jared Davidson,20252026,MTL,L,C,10,0,1,1,-4,10,0.1,0,1,0,0,0,0,0,0,9,--,8:43,--
Tony DeAngelo,20252026,NYI,R,D,58,4,20,24,0,35,0.41,3,20,1,4,0,0,0,1,112,3.6,18:46,--
Alex DeBrincat,20252026,DET,R,R,58,30,27,57,1,10,0.98,19,40,11,17,0,0,2,5,205,14.6,18:06,41.5
Jake DeBrusk,20252026,VAN,L,L,56,13,15,28,-15,8,0.5,2,14,11,14,0,0,0,0,156,8.3,17:14,41.4
Luca Del Bel Belluz,20252026,CBJ,L,C,13,0,1,1,-2,4,0.08,0,1,0,0,0,0,0,0,11,--,8:46,38.3
Ethan Del Mastro,20252026,CHI,L,D,2,0,0,0,-1,0,0,0,0,0,0,0,0,0,0,3,--,16:21,--
Ty Dellandrea,20252026,SJS,R,C,42,2,9,11,-15,18,0.26,1,9,0,0,1,2,0,0,44,4.5,14:24,52.3
Dylan DeMelo,20252026,WPG,R,D,56,3,14,17,10,34,0.3,3,16,0,0,0,1,0,0,55,5.5,21:32,--
Ivan Demidov,20252026,MTL,L,R,57,12,34,46,8,24,0.81,9,34,3,12,0,0,0,2,81,14.8,15:24,--
Vincent Desharnais,20252026,SJS,R,D,28,1,3,4,2,40,0.14,1,4,0,0,0,0,0,1,17,5.9,16:42,--
Nick DeSimone,20252026,UTA,R,D,32,2,3,5,4,8,0.16,2,5,0,0,0,0,0,1,30,6.7,14:10,--
Nicolas Deslauriers,20252026,PHI,L,L,21,0,1,1,-3,26,0.05,0,1,0,0,0,0,0,0,12,--,8:18,100
Jack Devine,20252026,FLA,R,R,6,0,0,0,-3,2,0,0,0,0,0,0,0,0,0,6,--,8:26,--
Connor Dewar,20252026,PIT,L,C,56,13,11,24,11,10,0.43,12,22,0,0,1,2,0,2,83,15.7,13:38,50
Jason Dickinson,20252026,CHI,L,C,43,6,7,13,-6,10,0.3,5,11,0,0,1,2,0,1,51,11.8,15:43,49.5
Sam Dickinson,20252026,SJS,L,D,45,1,8,9,-2,14,0.2,1,9,0,0,0,0,0,0,42,2.4,15:49,--
Brenden Dillon,20252026,NJD,L,D,57,3,9,12,-12,43,0.21,3,11,0,0,0,1,0,2,40,7.5,17:59,--
Josh Doan,20252026,BUF,R,R,57,18,21,39,-7,23,0.68,11,25,7,14,0,0,0,1,120,15,16:07,30.8
Noah Dobson,20252026,MTL,R,D,57,10,28,38,12,28,0.67,9,31,1,6,0,1,0,1,114,8.8,22:44,--
Max Domi,20252026,TOR,L,C,55,9,22,31,-17,32,0.56,8,24,1,7,0,0,1,3,87,10.3,15:04,50
Ryan Donato,20252026,CHI,L,C,57,13,12,25,-8,34,0.44,12,23,1,2,0,0,1,2,87,14.9,15:00,50
Pavel Dorofeyev,20252026,VGK,L,R,57,26,18,44,-4,18,0.77,12,22,14,22,0,0,0,2,156,16.7,17:32,--
Drew Doughty,20252026,LAK,R,D,48,3,11,14,1,28,0.29,3,12,0,1,0,1,0,0,69,4.3,22:59,--
Curtis Douglas,20252026,TBL,L,C,29,0,2,2,1,92,0.07,0,2,0,0,0,0,0,0,17,--,5:58,60
Nic Dowd,20252026,WSH,R,C,51,4,12,16,-5,49,0.31,4,16,0,0,0,0,0,0,46,8.7,15:38,48.5
Justin Dowling,20252026,NYR,L,C,2,0,0,0,-1,0,0,0,0,0,0,0,0,0,0,1,--,7:12,33.3
Leon Draisaitl,20252026,EDM,L,C,55,29,51,80,12,24,1.45,15,45,13,34,1,1,1,2,161,18,22:05,56.4
Jonathan Drouin,20252026,NYI,L,L,51,3,17,20,-2,19,0.39,3,16,0,4,0,0,0,0,68,4.4,17:17,49.5
Jack Drury,20252026,COL,L,C,55,8,11,19,11,18,0.35,8,19,0,0,0,0,0,0,62,12.9,14:52,59.3
Jamie Drysdale,20252026,PHI,R,D,53,5,18,23,-6,24,0.43,4,18,1,5,0,0,0,2,63,7.9,21:32,--
Pierre-Luc Dubois,20252026,WSH,L,L,7,1,1,2,1,2,0.29,0,1,1,1,0,0,0,0,11,9.1,15:50,45.7
Matt Duchene,20252026,DAL,L,C,32,10,10,20,-3,6,0.63,6,16,4,4,0,0,0,2,50,20,15:50,51.7
Anthony Duclair,20252026,NYI,L,L,54,12,14,26,0,12,0.48,8,20,4,6,0,0,0,2,67,17.9,13:25,44.4
Brandon Duhaime,20252026,WSH,L,R,59,4,2,6,-5,58,0.1,3,5,0,0,1,1,0,0,43,9.3,11:01,32.4
Mathew Dumba,20252026,PIT,R,D,11,1,2,3,-5,11,0.27,1,3,0,0,0,0,0,0,7,14.3,14:56,--
Brian Dumoulin,20252026,LAK,L,D,56,1,11,12,3,14,0.21,1,11,0,0,0,1,0,0,53,1.9,18:31,--
Vince Dunn,20252026,SEA,L,D,55,8,26,34,-17,38,0.62,6,15,2,19,0,0,1,3,119,6.7,22:08,--
Josh Dunne,20252026,BUF,L,C,28,1,3,4,-4,34,0.14,1,4,0,0,0,0,0,0,24,4.2,9:31,50.6
Sean Durzi,20252026,UTA,R,D,36,5,14,19,-6,28,0.53,5,17,0,2,0,0,1,2,59,8.5,20:14,--
Christian Dvorak,20252026,PHI,L,C,55,12,22,34,0,16,0.62,11,32,1,2,0,0,0,1,108,11.1,18:00,53.9
Dalibor Dvorsky,20252026,STL,L,R,47,9,6,15,-5,18,0.32,4,8,5,7,0,0,0,0,62,14.5,14:30,47.5
Jordan Eberle,20252026,SEA,R,R,54,20,18,38,8,18,0.7,16,24,4,14,0,0,0,3,119,16.8,18:43,37.5
Joel Edmundson,20252026,LAK,L,D,56,2,14,16,7,21,0.29,2,13,0,2,0,1,0,0,74,2.7,18:24,--
Adam Edstrom,20252026,NYR,L,C,24,2,2,4,5,2,0.17,2,4,0,0,0,0,0,1,21,9.5,9:34,100
Simon Edvinsson,20252026,DET,L,D,48,6,11,17,6,54,0.35,6,15,0,1,0,1,1,2,57,10.5,22:35,--
Nikolaj Ehlers,20252026,CAR,L,L,57,14,29,43,3,10,0.75,9,26,5,17,0,0,1,3,139,10.1,16:44,36.7
Jack Eichel,20252026,VGK,R,C,50,21,47,68,18,10,1.36,21,45,0,23,0,0,2,5,187,11.2,21:17,47.6
Aaron Ekblad,20252026,FLA,R,D,55,3,18,21,-10,43,0.38,2,17,1,3,0,1,0,3,74,4.1,22:25,--
Mattias Ekholm,20252026,EDM,L,D,58,6,21,27,18,22,0.47,6,25,0,2,0,0,0,2,104,5.8,20:55,--
William Eklund,20252026,SJS,L,L,51,11,24,35,-26,26,0.69,8,23,3,12,0,0,1,1,127,8.7,19:27,7.7
Oliver Ekman-Larsson,20252026,TOR,L,D,57,8,26,34,-1,36,0.6,8,30,0,4,0,0,0,0,81,9.9,20:45,--
Lars Eller,20252026,OTT,L,C,43,2,7,9,0,6,0.21,1,8,0,0,1,1,0,0,38,5.3,11:57,58.3
Ty Emberson,20252026,EDM,R,D,53,1,10,11,4,19,0.21,1,11,0,0,0,0,0,1,30,3.3,15:59,--
Andreas Englund,20252026,NSH,L,D,3,0,0,0,-1,2,0,0,0,0,0,0,0,0,0,2,--,8:49,--
Adam Engstrom,20252026,MTL,L,D,11,0,0,0,3,6,0,0,0,0,0,0,0,0,0,7,--,12:32,--
Joel Eriksson Ek,20252026,MIN,L,C,52,15,25,40,14,22,0.77,10,27,5,13,0,0,0,2,145,10.3,19:23,49
Adam Erne,20252026,DAL,L,L,24,3,1,4,0,6,0.17,3,4,0,0,0,0,0,0,19,15.8,9:27,33.3
Luke Evangelista,20252026,NSH,R,R,56,8,34,42,8,12,0.75,7,30,1,12,0,0,0,0,122,6.6,16:47,--
Jake Evans,20252026,MTL,R,C,43,7,6,13,-11,8,0.3,6,12,0,0,1,1,1,2,46,15.2,15:14,55.2
Ryker Evans,20252026,SEA,L,D,41,5,7,12,6,24,0.29,5,11,0,1,0,0,0,0,29,17.2,17:21,--
Michael Eyssimont,20252026,BOS,L,C,44,8,9,17,-3,27,0.39,7,13,1,4,0,0,0,1,86,9.3,11:00,40
Robby Fabbri,20252026,STL,L,C,15,1,3,4,-3,12,0.27,1,4,0,0,0,0,0,0,17,5.9,12:36,66.7
Dante Fabbro,20252026,CBJ,R,D,50,4,4,8,-11,18,0.16,4,8,0,0,0,0,0,1,52,7.7,16:05,--
Brock Faber,20252026,MIN,R,D,58,13,24,37,19,14,0.64,12,27,0,9,1,1,0,1,125,10.4,24:59,--
Radek Faksa,20252026,DAL,L,C,56,2,15,17,1,16,0.3,1,14,0,0,1,3,0,0,33,6.1,11:41,54
Adam Fantilli,20252026,CBJ,L,C,56,13,23,36,-8,21,0.64,10,28,3,8,0,0,2,2,147,8.8,18:44,50.7
Joel Farabee,20252026,CGY,L,L,56,12,11,23,-11,20,0.41,7,16,1,3,4,4,0,1,100,12,16:50,45.8
Justin Faulk,20252026,STL,R,D,57,11,19,30,-3,30,0.53,9,20,2,9,0,1,0,3,110,10,22:29,--
Martin Fehervary,20252026,WSH,L,D,58,4,16,20,11,23,0.34,4,20,0,0,0,0,0,0,59,6.8,19:00,--
Domenick Fensore,20252026,CAR,L,D,1,0,0,0,-2,0,0,0,0,0,0,0,0,0,0,2,--,19:22,--
Mario Ferraro,20252026,SJS,L,D,55,4,8,12,-2,20,0.22,4,12,0,0,0,0,0,0,65,6.2,20:52,--
Kevin Fiala,20252026,LAK,L,L,56,18,22,40,-11,34,0.71,14,23,4,17,0,0,0,2,147,12.2,19:07,28
Jack Finley,20252026,TBL,R,C,22,2,1,3,2,21,0.14,2,3,0,0,0,0,0,1,11,18.2,8:25,48.5
Emmitt Finnie,20252026,DET,L,C,58,9,12,21,-9,6,0.36,5,13,4,8,0,0,0,1,90,10,15:32,36.1
Oscar Fisker Molgaard,20252026,SEA,L,C,3,0,1,1,1,0,0.33,0,1,0,0,0,0,0,0,1,--,6:14,58.3
Cale Fleury,20252026,SEA,R,D,16,1,1,2,2,5,0.13,1,2,0,0,0,0,0,0,20,5,17:35,--
Haydn Fleury,20252026,WPG,L,D,17,0,0,0,-7,6,0,0,0,0,0,0,0,0,0,11,--,13:56,--
Warren Foegele,20252026,LAK,L,L,43,6,2,8,-5,14,0.19,6,8,0,0,0,0,0,1,72,8.3,14:42,37.5
Tyson Foerster,20252026,PHI,R,R,21,10,3,13,7,18,0.62,7,10,3,3,0,0,0,2,41,24.4,17:27,50
Marcus Foligno,20252026,MIN,L,L,46,6,5,11,-11,54,0.24,4,9,2,2,0,0,0,0,54,11.1,13:02,47.4
Nick Foligno,20252026,CHI,L,L,33,2,8,10,1,23,0.3,2,7,0,2,0,1,0,0,27,7.4,12:53,48.8
Derek Forbort,20252026,VAN,L,D,2,0,0,0,0,2,0,0,0,0,0,0,0,0,0,1,--,13:56,--
Parker Ford,20252026,WPG,R,C,11,0,1,1,-2,4,0.09,0,1,0,0,0,0,0,0,7,--,9:49,44.6
Filip Forsberg,20252026,NSH,R,L,57,24,23,47,-5,26,0.82,19,31,5,16,0,0,0,1,173,13.9,18:49,35.7
Gustav Forsling,20252026,FLA,L,D,57,2,19,21,-7,41,0.37,2,19,0,2,0,0,0,1,69,2.9,22:41,--
Cam Fowler,20252026,STL,L,D,57,1,17,18,-23,12,0.32,1,9,0,8,0,1,0,0,72,1.4,21:21,--
Adam Fox,20252026,NYR,R,D,30,4,24,28,4,12,0.93,2,18,2,9,0,1,0,1,56,7.1,23:34,--
Ethen Frank,20252026,WSH,R,C,48,11,12,23,8,14,0.48,9,19,2,4,0,0,0,0,74,14.9,12:46,16.7
Trent Frederic,20252026,EDM,L,C,55,2,1,3,-13,47,0.05,2,3,0,0,0,0,0,1,51,3.9,10:47,56.8
Morgan Frost,20252026,CGY,L,C,56,12,15,27,-15,20,0.48,7,16,5,11,0,0,1,2,96,12.5,15:19,55
Jonah Gadjovich,20252026,FLA,L,L,10,0,3,3,2,7,0.3,0,3,0,0,0,0,0,0,8,--,7:57,--
Brendan Gallagher,20252026,MTL,R,R,57,6,13,19,0,26,0.33,4,15,2,4,0,0,0,0,95,6.3,12:50,60
Conor Garland,20252026,VAN,R,R,46,7,18,25,-12,30,0.54,5,15,1,9,1,1,0,1,97,7.2,19:12,40.7
Marc Gatcomb,20252026,NYI,R,C,29,1,3,4,2,6,0.14,1,4,0,0,0,0,0,0,34,2.9,10:20,--
Jacob Gaucher,20252026,PHI,R,C,3,0,0,0,-1,0,0,0,0,0,0,0,0,0,0,3,--,8:46,47.4
Adam Gaudette,20252026,SJS,R,R,45,13,7,20,-9,14,0.44,10,14,3,6,0,0,0,2,67,19.4,11:47,46.3
Freddy Gaudreau,20252026,SEA,R,C,43,4,13,17,8,9,0.4,3,14,1,3,0,0,0,0,43,9.3,16:16,43.5
Brendan Gaunce,20252026,CBJ,L,C,25,2,4,6,-1,12,0.24,0,4,0,0,2,2,0,1,29,6.9,11:54,56.9
Cutter Gauthier,20252026,ANA,L,L,55,25,24,49,2,18,0.89,19,37,6,12,0,0,1,4,208,12,17:24,43
Vladislav Gavrikov,20252026,NYR,L,D,57,9,12,21,-13,28,0.37,7,16,2,4,0,1,1,1,84,10.7,24:04,--
Conor Geekie,20252026,TBL,L,C,6,0,1,1,0,4,0.17,0,1,0,0,0,0,0,0,5,--,10:02,38.1
Morgan Geekie,20252026,BOS,R,C,56,32,22,54,-1,16,0.96,22,34,10,20,0,0,1,5,129,24.8,17:26,45.5
Mason Geertsen,20252026,BUF,L,L,5,0,0,0,-1,12,0,0,0,0,0,0,0,0,0,1,--,4:07,--
Isaiah George,20252026,NYI,L,D,2,0,1,1,0,0,0.5,0,1,0,0,0,0,0,0,0,--,13:18,--
Dennis Gilbert,20252026,OTT,L,D,1,0,0,0,-1,0,0,0,0,0,0,0,0,0,0,0,--,13:50,--
Patrick Giles,20252026,SJS,R,R,3,0,1,1,1,0,0.33,0,1,0,0,0,0,0,0,2,--,8:52,60
Adam Ginning,20252026,PHI,L,D,5,0,0,0,0,0,0,0,0,0,0,0,0,0,0,2,--,15:20,--
Samuel Girard,20252026,COL,L,D,40,3,9,12,12,15,0.3,3,12,0,0,0,0,0,1,31,9.7,17:41,--
Zemgus Girgensons,20252026,TBL,L,C,48,7,7,14,3,20,0.29,7,14,0,0,0,0,0,1,62,11.3,15:10,36.7
Claude Giroux,20252026,OTT,R,R,57,11,28,39,15,20,0.68,10,29,1,10,0,0,0,3,95,11.6,17:06,64
Cody Glass,20252026,NJD,R,C,45,13,6,19,3,23,0.42,12,17,1,2,0,0,0,3,77,16.9,13:40,51.9
Luke Glendening,20252026,NJD,R,C,52,0,4,4,-11,4,0.08,0,3,0,0,0,1,0,0,30,--,9:54,51.7
Gage Goncalves,20252026,TBL,L,C,51,6,11,17,18,33,0.33,6,16,0,1,0,0,0,1,44,13.6,12:13,30
Barclay Goodrow,20252026,SJS,L,C,55,4,5,9,-13,40,0.16,4,9,0,0,0,0,0,0,50,8,11:28,42.4
Shayne Gostisbehere,20252026,CAR,L,D,40,9,29,38,9,14,0.95,4,25,5,13,0,0,0,1,87,10.3,19:53,--
Yanni Gourde,20252026,TBL,L,C,55,7,15,22,6,51,0.4,7,22,0,0,0,0,0,1,76,9.2,16:29,45.6
Collin Graf,20252026,SJS,R,R,54,15,16,31,4,4,0.57,14,28,0,1,1,2,1,1,65,23.1,16:30,25
Mikael Granlund,20252026,ANA,L,C,38,12,15,27,-10,14,0.71,8,22,4,5,0,0,1,1,78,15.4,18:56,47
Ryan Graves,20252026,PIT,L,D,19,1,0,1,-2,8,0.05,1,1,0,0,0,0,0,0,19,5.3,15:29,--
Nikita Grebenkin,20252026,PHI,L,R,42,4,8,12,-7,40,0.29,4,12,0,0,0,0,0,0,27,14.8,11:21,66.7
Ryan Greene,20252026,CHI,R,C,56,7,13,20,-7,10,0.36,6,16,1,4,0,0,0,0,73,9.6,16:29,45.5
Jordan Greenway,20252026,BUF,L,L,33,1,4,5,-9,23,0.15,1,5,0,0,0,0,0,0,29,3.4,12:24,26.7
A.J. Greer,20252026,FLA,L,L,57,11,10,21,7,88,0.37,11,21,0,0,0,0,0,1,72,15.3,11:47,27.3
Noah Gregor,20252026,FLA,L,L,24,1,2,3,-7,11,0.13,1,3,0,0,0,0,0,0,20,5,8:05,36.4
Ridly Greig,20252026,OTT,L,C,52,9,16,25,7,61,0.48,8,22,1,3,0,0,0,0,90,10,16:41,50.9
Matvei Gridin,20252026,CGY,L,R,13,3,3,6,-9,0,0.46,2,3,1,3,0,0,0,0,25,12,14:05,11.1
Arseny Gritsyuk,20252026,NJD,L,R,53,9,14,23,-5,20,0.43,7,19,2,4,0,0,0,0,118,7.6,15:12,33.3
Maxim Groshev,20252026,TBL,L,D,2,0,1,1,1,0,0.5,0,1,0,0,0,0,0,0,1,--,11:30,--
Carl Grundstrom,20252026,PHI,L,R,27,8,2,10,3,8,0.37,8,10,0,0,0,0,0,1,31,25.8,12:27,40
Matt Grzelcyk,20252026,CHI,L,D,57,0,12,12,-3,28,0.21,0,8,0,3,0,1,0,0,59,--,17:01,--
Radko Gudas,20252026,ANA,R,D,43,1,9,10,-2,28,0.23,1,10,0,0,0,0,0,0,50,2,16:52,--
Erik Gudbranson,20252026,CBJ,R,D,14,1,2,3,4,8,0.21,1,3,0,0,0,0,0,0,12,8.3,18:04,--
Dylan Guenther,20252026,UTA,R,R,55,25,22,47,8,24,0.85,20,34,5,13,0,0,3,6,178,14,17:12,41.2
Jake Guentzel,20252026,TBL,L,C,55,26,34,60,13,33,1.09,18,36,6,22,2,2,2,5,142,18.3,20:29,46.6
Kaiden Guhle,20252026,MTL,L,D,17,1,3,4,-2,13,0.24,1,4,0,0,0,0,0,1,17,5.9,18:45,--
Erik Gustafsson,20252026,DET,L,D,2,0,0,0,-2,2,0,0,0,0,0,0,0,0,0,3,--,18:45,--
Brandon Hagel,20252026,TBL,L,L,50,27,27,54,29,37,1.08,23,44,3,9,1,1,0,6,148,18.2,19:43,43.1
Nicolas Hague,20252026,NSH,L,D,43,2,9,11,-11,34,0.26,2,10,0,0,0,1,0,1,32,6.3,19:17,--
Hunter Haight,20252026,MIN,R,C,5,0,0,0,-4,0,0,0,0,0,0,0,0,0,0,4,--,9:41,48.6
Taylor Hall,20252026,CAR,L,L,57,12,15,27,1,38,0.47,9,22,3,5,0,0,0,1,95,12.6,14:05,38.5
Filip Hallander,20252026,PIT,L,C,13,1,3,4,4,2,0.31,0,3,0,0,1,1,0,1,22,4.5,13:09,--
Stephen Halliday,20252026,OTT,L,C,25,4,7,11,1,2,0.44,4,8,0,3,0,0,0,0,27,14.8,8:08,37.7
Brian Halonen,20252026,NJD,R,L,9,1,0,1,-1,5,0.11,1,1,0,0,0,0,0,1,4,25,7:30,--
Lenni Hameenaho,20252026,NJD,R,R,9,2,2,4,1,0,0.44,2,4,0,0,0,0,0,0,10,20,13:11,--
Dougie Hamilton,20252026,NJD,R,D,52,7,14,21,-6,38,0.4,4,11,3,10,0,0,0,1,145,4.8,21:41,--
Travis Hamonic,20252026,DET,R,D,25,0,2,2,-10,29,0.08,0,2,0,0,0,0,0,0,19,--,14:16,--
Noah Hanifin,20252026,VGK,L,D,47,2,18,20,-1,6,0.43,2,14,0,6,0,0,0,0,96,2.1,23:26,--
Joel Hanley,20252026,CGY,L,D,53,0,7,7,-5,34,0.13,0,7,0,0,0,0,0,0,29,--,14:27,--
Jansen Harkins,20252026,ANA,L,C,31,3,2,5,-4,13,0.16,3,5,0,0,0,0,0,0,21,14.3,10:08,50
Thomas Harley,20252026,DAL,L,D,45,5,18,23,-2,10,0.51,4,17,1,6,0,0,1,3,74,6.8,23:07,--
Jordan Harris,20252026,BOS,L,D,5,1,1,2,0,0,0.4,1,2,0,0,0,0,0,0,9,11.1,15:38,--
Ryan Hartman,20252026,MIN,R,R,54,14,12,26,2,29,0.48,9,20,5,6,0,0,0,3,110,12.7,16:41,43
Garnet Hathaway,20252026,PHI,R,R,47,1,1,2,-7,52,0.04,1,2,0,0,0,0,0,0,21,4.8,10:17,53.8
Erik Haula,20252026,NSH,L,L,57,9,20,29,-16,34,0.51,7,19,2,9,0,1,0,0,90,10,16:34,51.1
John Hayden,20252026,SEA,R,C,3,0,0,0,-1,2,0,0,0,0,0,0,0,0,0,2,--,10:05,40
Avery Hayes,20252026,PIT,R,R,1,2,0,2,2,0,2,2,2,0,0,0,0,0,0,6,33.3,10:09,--
Kevin Hayes,20252026,PIT,L,R,24,3,2,5,-4,6,0.21,3,5,0,0,0,0,0,1,40,7.5,12:28,37.6
Barrett Hayton,20252026,UTA,L,C,52,7,14,21,9,44,0.4,4,16,3,5,0,0,0,1,94,7.4,15:20,53.4
Victor Hedman,20252026,TBL,L,D,21,0,13,13,2,8,0.62,0,7,0,6,0,0,0,0,33,--,20:15,--
Emil Heineman,20252026,NYI,L,L,58,15,8,23,-8,14,0.4,13,21,2,2,0,0,0,0,127,11.8,16:51,30.8
Danton Heinen,20252026,"PIT,CBJ",L,L,26,3,2,5,2,10,0.19,3,5,0,0,0,0,0,0,28,10.7,10:50,35
Miro Heiskanen,20252026,DAL,L,D,55,7,39,46,7,18,0.84,5,27,1,18,1,1,0,2,111,6.3,25:59,--
Konsta Helenius,20252026,BUF,R,C,9,1,3,4,1,0,0.44,1,4,0,0,0,0,0,0,15,6.7,11:55,41.7
Samuel Helenius,20252026,LAK,L,C,29,3,2,5,-2,34,0.17,3,5,0,0,0,0,0,0,20,15,7:55,44.7
Drew Helleson,20252026,ANA,R,D,48,2,9,11,-10,20,0.23,2,9,0,0,0,2,0,0,33,6.1,17:28,--
Adam Henrique,20252026,EDM,L,C,43,2,8,10,-9,12,0.23,2,6,0,3,0,1,0,0,63,3.2,13:50,54.8
Tomas Hertl,20252026,VGK,L,C,57,22,27,49,-7,35,0.86,11,28,11,21,0,0,1,3,146,15.1,17:26,57.8
Vincent Hinostroza,20252026,MIN,R,C,44,3,7,10,-5,11,0.23,3,8,0,2,0,0,0,2,42,7.1,10:28,52.8
Roope Hintz,20252026,DAL,L,C,52,15,29,44,15,18,0.85,9,25,6,19,0,0,1,1,125,12,17:27,59.2
Nico Hischier,20252026,NJD,L,C,57,19,23,42,-10,23,0.74,13,28,6,14,0,0,2,3,151,12.6,20:54,55
Hayden Hodgson,20252026,OTT,R,R,9,0,0,0,-1,11,0,0,0,0,0,0,0,0,0,3,--,6:22,--
Nils Hoglander,20252026,VAN,L,L,18,0,2,2,1,6,0.11,0,2,0,0,0,0,0,0,18,--,11:32,--
Dylan Holloway,20252026,STL,L,L,34,8,9,17,-13,11,0.5,7,14,1,3,0,0,0,1,79,10.1,17:43,52.4
Pontus Holmberg,20252026,TBL,L,R,48,9,8,17,9,14,0.35,9,17,0,0,0,0,0,2,66,13.6,13:39,37.2
Simon Holmstrom,20252026,NYI,L,R,56,13,16,29,8,14,0.52,12,23,0,3,1,3,1,2,64,20.3,16:33,23.1
Alexander Holtz,20252026,VGK,R,R,26,3,5,8,0,10,0.31,3,8,0,0,0,0,0,0,28,10.7,11:31,21.4
Samuel Honzek,20252026,CGY,L,L,18,2,2,4,1,2,0.22,2,4,0,0,0,0,0,0,22,9.1,12:21,54.5
Bo Horvat,20252026,NYI,L,C,44,24,16,40,8,36,0.91,17,26,6,13,1,1,1,5,139,17.3,20:27,56.3
Mikulas Hovorka,20252026,FLA,R,D,1,0,0,0,-3,0,0,0,0,0,0,0,0,0,0,0,--,11:27,--
Isaac Howard,20252026,EDM,L,L,28,2,3,5,-6,12,0.18,2,5,0,0,0,0,0,0,33,6.1,10:19,--
Brett Howden,20252026,VGK,L,C,39,9,6,15,-4,20,0.38,9,15,0,0,0,0,0,0,46,19.6,14:53,50.6
Filip Hronek,20252026,VAN,R,D,57,5,27,32,0,14,0.56,2,20,3,10,0,2,0,1,80,6.3,24:26,--
Justin Hryckowian,20252026,DAL,L,C,56,8,10,18,-2,25,0.32,7,16,1,2,0,0,0,1,55,14.5,12:19,59.1
Jonathan Huberdeau,20252026,CGY,L,L,50,10,15,25,-9,41,0.5,7,18,3,7,0,0,0,2,83,12,18:08,44.4
Jack Hughes,20252026,NJD,L,C,36,12,24,36,-6,0,1,10,23,2,13,0,0,1,2,127,9.4,20:57,34.4
Luke Hughes,20252026,NJD,L,D,49,5,21,26,-8,24,0.53,4,18,1,8,0,0,0,1,104,4.8,23:04,--
Quinn Hughes,20252026,"VAN,MIN",L,D,52,5,52,57,-1,24,1.1,3,32,2,25,0,0,0,1,143,3.5,27:52,--
Daemon Hunt,20252026,MIN,L,D,26,0,5,5,0,4,0.19,0,5,0,0,0,0,0,0,14,--,11:57,--
Dryden Hunt,20252026,CGY,L,L,3,0,0,0,-3,2,0,0,0,0,0,0,0,0,0,4,--,8:56,--
Lane Hutson,20252026,MTL,L,D,57,10,48,58,22,24,1.02,9,42,1,16,0,0,1,3,91,11,23:42,--
Quinn Hutson,20252026,EDM,R,R,4,1,0,1,-1,0,0.25,1,1,0,0,0,0,0,1,3,33.3,8:00,--
Ben Hutton,20252026,VGK,L,D,50,6,9,15,2,17,0.3,6,15,0,0,0,0,0,1,63,9.5,14:46,--
Zach Hyman,20252026,EDM,R,L,39,22,14,36,10,14,0.92,14,24,8,12,0,0,1,2,119,18.5,20:11,--
Alex Iafallo,20252026,WPG,L,L,56,9,11,20,1,12,0.36,7,15,2,4,0,1,0,1,71,12.7,15:11,41.9
Bokondji Imama,20252026,PIT,L,L,2,0,0,0,0,5,0,0,0,0,0,0,0,0,0,2,--,7:39,--
Vincent Iorio,20252026,"SJS,NYR",R,D,22,0,3,3,-4,12,0.14,0,3,0,0,0,0,0,0,10,--,16:24,--
Ivan Ivan,20252026,COL,L,C,7,0,1,1,2,2,0.14,0,1,0,0,0,0,0,0,4,--,7:45,40
Dominic James,20252026,TBL,L,C,40,5,8,13,4,8,0.33,5,13,0,0,0,0,0,0,48,10.4,12:08,48.2
Mark Jankowski,20252026,CAR,L,L,45,5,8,13,4,14,0.29,5,12,0,1,0,0,0,2,39,12.8,11:07,54.9
Mattias Janmark,20252026,EDM,L,C,42,1,7,8,-8,22,0.19,1,7,0,0,0,1,0,0,24,4.2,12:05,36.8
Calle Jarnkrok,20252026,TOR,R,C,37,6,1,7,-8,6,0.19,6,7,0,0,0,0,0,0,33,18.2,11:28,64.7
Seth Jarvis,20252026,CAR,R,C,49,25,18,43,10,6,0.88,18,29,4,11,3,3,2,6,155,16.1,19:02,41.5
Tanner Jeannot,20252026,BOS,L,L,53,6,14,20,3,52,0.38,6,19,0,1,0,0,0,1,62,9.7,13:17,44.4
Boone Jenner,20252026,CBJ,L,C,42,8,19,27,1,26,0.64,7,23,1,3,0,1,0,2,89,9,16:36,52.8
Nick Jensen,20252026,OTT,R,D,54,4,11,15,-10,22,0.28,4,15,0,0,0,0,0,0,32,12.5,16:53,--
David Jiricek,20252026,MIN,R,D,25,0,0,0,0,14,0,0,0,0,0,0,0,0,0,15,--,11:43,--
Albert Johansson,20252026,DET,L,D,58,1,6,7,-10,12,0.12,1,7,0,0,0,0,0,0,42,2.4,16:20,--
Marcus Johansson,20252026,MIN,L,L,53,13,24,37,18,8,0.7,10,29,3,7,0,1,1,4,78,16.7,15:50,46.2
Kent Johnson,20252026,CBJ,L,C,55,6,12,18,-8,12,0.33,5,16,1,2,0,0,0,0,86,7,13:38,--
Ryan Johnson,20252026,BUF,L,D,3,0,0,0,0,2,0,0,0,0,0,0,0,0,0,0,--,9:00,--
Ross Johnston,20252026,ANA,L,L,54,3,10,13,-4,88,0.24,3,13,0,0,0,0,0,0,30,10,9:41,45.5
Wyatt Johnston,20252026,DAL,R,C,57,29,30,59,-3,16,1.04,11,30,18,29,0,0,0,3,148,19.6,20:03,47.8
Henri Jokiharju,20252026,BOS,R,D,33,0,9,9,3,12,0.27,0,7,0,2,0,0,0,0,30,--,17:58,--
Ben Jones,20252026,MIN,L,C,26,1,1,2,-10,0,0.08,1,2,0,0,0,0,0,0,25,4,8:36,53.5
Caleb Jones,20252026,PIT,L,D,7,0,1,1,1,0,0.14,0,1,0,0,0,0,0,0,5,--,17:10,--
Max Jones,20252026,EDM,L,L,8,1,1,2,0,5,0.25,1,2,0,0,0,0,0,0,12,8.3,7:34,--
Seth Jones,20252026,FLA,R,D,40,6,18,24,-2,16,0.6,1,11,5,13,0,0,0,0,78,7.7,23:29,--
Mathieu Joseph,20252026,STL,L,R,39,2,9,11,-5,4,0.28,1,10,0,0,1,1,0,1,29,6.9,12:41,26.7
Pierre-Olivier Joseph,20252026,VAN,L,D,21,1,3,4,-12,2,0.19,1,4,0,0,0,0,0,0,17,5.9,13:24,--
Dakota Joshua,20252026,TOR,L,C,36,6,4,10,-2,25,0.28,6,10,0,0,0,0,0,2,32,18.8,12:19,14.3
Roman Josi,20252026,NSH,L,D,45,11,28,39,-8,22,0.87,7,23,4,16,0,0,1,3,127,8.7,24:21,--
Tyson Jost,20252026,NSH,L,C,44,3,5,8,-16,16,0.18,3,8,0,0,0,0,0,0,48,6.3,11:16,40.7
Noah Juulsen,20252026,PHI,R,D,42,1,8,9,2,15,0.21,1,9,0,0,0,0,0,0,20,5,13:56,--
Nazem Kadri,20252026,CGY,L,C,56,10,29,39,-24,22,0.7,8,26,2,13,0,0,0,1,155,6.5,19:27,48.9
Wyatt Kaiser,20252026,CHI,L,D,57,5,7,12,-12,24,0.21,5,12,0,0,0,0,0,1,58,8.6,19:10,--
Kaapo Kakko,20252026,SEA,L,R,40,6,15,21,7,8,0.53,5,15,1,6,0,0,0,2,56,10.7,14:16,50
Arthur Kaliyev,20252026,OTT,L,R,2,0,1,1,0,0,0.5,0,0,0,1,0,0,0,0,4,--,10:37,--
David Kampf,20252026,VAN,L,C,34,2,4,6,-12,8,0.18,2,6,0,0,0,0,0,0,35,5.7,15:14,52.8
Evander Kane,20252026,VAN,L,L,56,9,16,25,-18,76,0.45,7,19,2,6,0,0,0,1,136,6.6,16:50,37
Patrick Kane,20252026,DET,L,R,43,8,24,32,0,10,0.74,6,21,2,11,0,0,0,2,106,7.5,17:07,50
Kasperi Kapanen,20252026,EDM,R,R,19,5,7,12,8,2,0.63,5,12,0,0,0,0,0,0,39,12.8,14:08,--
Oliver Kapanen,20252026,MTL,R,C,57,18,13,31,5,18,0.54,16,27,1,1,1,3,0,1,102,17.6,15:02,47.7
Kirill Kaprizov,20252026,MIN,L,L,58,32,38,70,9,20,1.21,19,45,13,25,0,0,4,4,206,15.5,22:22,--
Erik Karlsson,20252026,PIT,R,D,51,4,31,35,6,16,0.69,2,21,2,14,0,0,0,0,108,3.7,23:40,--
Linus Karlsson,20252026,VAN,R,C,54,11,13,24,-15,26,0.44,9,22,2,2,0,0,0,1,84,13.1,11:34,28.9
William Karlsson,20252026,VGK,L,C,14,4,3,7,-1,4,0.5,2,5,1,1,1,1,0,1,30,13.3,15:09,57.6
Tye Kartye,20252026,SEA,L,L,40,3,5,8,-6,21,0.2,3,8,0,0,0,0,0,0,29,10.3,10:42,25
Aleksanteri Kaskimaki,20252026,STL,L,C,5,0,0,0,-6,0,0,0,0,0,0,0,0,0,0,6,--,10:24,50
Marco Kasper,20252026,DET,L,C,57,6,7,13,-11,29,0.23,5,11,1,2,0,0,0,1,92,6.5,13:38,49.8
Mark Kastelic,20252026,BOS,R,C,57,9,8,17,6,108,0.3,8,15,0,1,1,1,0,3,73,12.3,13:16,60.2
Boris Katchouk,20252026,TBL,L,L,3,0,0,0,0,0,0,0,0,0,0,0,0,0,0,0,--,12:11,36.8
Clayton Keller,20252026,UTA,L,R,57,17,37,54,22,16,0.95,16,39,1,15,0,0,3,4,152,11.2,19:01,42.9
Parker Kelly,20252026,COL,L,C,55,12,9,21,9,18,0.38,11,20,0,0,1,1,0,2,75,16,12:30,31.6
Joakim Kemell,20252026,NSH,R,R,2,0,0,0,0,0,0,0,0,0,0,0,0,0,0,1,--,11:04,--
Adrian Kempe,20252026,LAK,L,R,56,20,26,46,8,54,0.82,17,34,3,10,0,2,3,5,156,12.8,19:10,37.3
Alexander Kerfoot,20252026,UTA,L,C,9,1,0,1,-2,8,0.11,1,1,0,0,0,0,0,0,11,9.1,10:20,42.9
Rory Kerins,20252026,CGY,L,C,2,0,0,0,-1,0,0,0,0,0,0,0,0,0,0,1,--,15:51,--
Matthew Kessel,20252026,STL,R,D,22,2,1,3,1,4,0.14,2,3,0,0,0,0,0,1,11,18.2,11:59,--
Michael Kesselring,20252026,BUF,R,D,24,0,1,1,-3,37,0.04,0,1,0,0,0,0,0,0,32,--,14:05,--
Marat Khusnutdinov,20252026,BOS,L,C,52,12,14,26,9,12,0.5,12,25,0,1,0,0,1,1,57,21.1,14:20,47.2
Matt Kiersted,20252026,MIN,L,D,4,0,1,1,-1,0,0.25,0,0,0,0,0,1,0,0,4,--,13:42,--
Alex Killorn,20252026,ANA,L,L,56,7,11,18,-2,34,0.32,5,15,2,3,0,0,0,1,102,6.9,16:08,36.2
Ben Kindel,20252026,PIT,R,C,53,14,13,27,-3,16,0.51,9,16,4,10,1,1,0,3,109,12.8,15:26,46.8
Justin Kirkland,20252026,CGY,L,C,20,1,1,2,1,2,0.1,1,2,0,0,0,0,0,1,11,9.1,9:49,50
Joel Kiviranta,20252026,COL,L,L,28,2,5,7,0,6,0.25,2,7,0,0,0,0,0,0,23,8.7,10:03,33.3
Adam Klapka,20252026,CGY,R,R,55,5,7,12,-3,91,0.22,5,11,0,1,0,0,0,0,55,9.1,10:37,31.3
Tyler Kleven,20252026,OTT,L,D,52,1,10,11,-2,26,0.21,1,10,0,0,0,1,0,0,65,1.5,16:39,--
John Klingberg,20252026,SJS,R,D,41,10,10,20,-9,18,0.49,5,11,5,9,0,0,1,2,67,14.9,21:10,--
Matthew Knies,20252026,TOR,L,L,54,14,32,46,-11,21,0.85,10,39,4,7,0,0,0,2,104,13.5,18:53,--
Cole Koepke,20252026,WPG,L,L,40,5,6,11,0,14,0.28,5,11,0,0,0,0,0,1,46,10.9,9:57,--
Ville Koivunen,20252026,PIT,L,R,27,2,3,5,-5,8,0.19,1,2,1,3,0,0,0,0,28,7.1,12:41,100
Keegan Kolesar,20252026,VGK,R,R,57,5,10,15,-11,44,0.26,5,14,0,0,0,1,0,0,52,9.6,11:34,39.1
Vladislav Kolyachonok,20252026,"DAL,BOS",L,D,13,1,2,3,2,4,0.23,1,3,0,0,0,0,0,1,12,8.3,12:32,--
Travis Konecny,20252026,PHI,R,R,55,22,32,54,8,45,0.98,20,42,1,10,1,2,0,2,124,17.7,18:58,26.8
Anze Kopitar,20252026,LAK,L,C,41,6,16,22,12,8,0.54,3,15,3,7,0,0,0,1,51,11.8,18:29,57.5
Joona Koppanen,20252026,PIT,L,L,10,0,1,1,-1,2,0.1,0,1,0,0,0,0,0,0,6,--,12:28,48
Kevin Korchinski,20252026,CHI,L,D,2,0,1,1,-2,2,0.5,0,1,0,0,0,0,0,0,2,--,13:59,--
Kaedan Korczak,20252026,VGK,R,D,57,3,9,12,6,18,0.21,3,12,0,0,0,0,0,0,50,6,16:48,--
Jesperi Kotkaniemi,20252026,CAR,L,C,36,2,7,9,1,8,0.25,2,9,0,0,0,0,0,0,38,5.3,10:59,48
Johnathan Kovacevic,20252026,NJD,R,D,11,0,2,2,-6,9,0.18,0,2,0,0,0,0,0,0,13,--,17:10,--
Tyson Kozak,20252026,BUF,L,C,35,2,2,4,-2,2,0.11,2,4,0,0,0,0,0,0,24,8.3,11:22,49.7
Peyton Krebs,20252026,BUF,L,C,57,7,18,25,3,67,0.44,7,24,0,1,0,0,0,1,62,11.3,13:41,43.4
Chris Kreider,20252026,ANA,L,L,50,19,11,30,-4,20,0.6,12,19,7,11,0,0,0,2,96,19.8,16:58,38.2
Nikita Kucherov,20252026,TBL,L,R,51,29,62,91,30,36,1.78,23,62,6,29,0,0,1,4,156,18.6,20:18,--
Brett Kulak,20252026,"EDM,PIT",L,D,56,1,8,9,-5,28,0.16,1,9,0,0,0,0,0,0,62,1.6,18:53,--
Jiri Kulich,20252026,BUF,L,C,12,3,2,5,-4,4,0.42,3,5,0,0,0,0,0,0,20,15,16:22,41.7
Dmitry Kulikov,20252026,FLA,L,D,2,0,0,0,-1,0,0,0,0,0,0,0,0,0,0,1,--,10:47,--
Luke Kunin,20252026,FLA,R,C,43,2,2,4,-10,23,0.09,2,4,0,0,0,0,0,0,32,6.3,8:38,51.5
Trevor Kuntar,20252026,BUF,L,C,1,0,0,0,-1,0,0,0,0,0,0,0,0,0,0,0,--,5:12,--
Sean Kuraly,20252026,BOS,L,C,57,4,12,16,1,41,0.28,4,16,0,0,0,0,0,0,77,5.2,13:51,48.1
Philipp Kurashev,20252026,SJS,L,C,34,7,10,17,3,10,0.5,7,16,0,1,0,0,1,1,51,13.7,15:56,44.8
Andrei Kuzmenko,20252026,LAK,R,L,51,13,10,23,-5,16,0.45,5,10,8,13,0,0,0,3,69,18.8,14:57,--
Yan Kuznetsov,20252026,CGY,L,D,42,4,5,9,-7,28,0.21,4,8,0,0,0,1,0,1,47,8.5,20:14,--
Jordan Kyrou,20252026,STL,R,R,47,13,19,32,-7,4,0.68,11,21,2,11,0,0,0,0,123,10.6,16:13,18.2
Noah Laba,20252026,NYR,R,C,54,6,10,16,-3,22,0.3,4,12,2,4,0,0,0,1,50,12,13:18,50.9
Joseph LaBate,20252026,VAN,L,C,1,0,0,0,-1,0,0,0,0,0,0,0,0,0,0,2,--,9:32,50
Shane Lachance,20252026,NJD,L,L,1,0,0,0,0,0,0,0,0,0,0,0,0,0,0,0,--,7:25,100
Jackson LaCombe,20252026,ANA,L,D,56,6,31,37,-5,10,0.66,4,24,1,11,1,2,0,0,109,5.5,24:30,--
Tanner Laczynski,20252026,VGK,R,C,9,0,2,2,-2,4,0.22,0,2,0,0,0,0,0,0,12,--,10:13,50.7
Alex Laferriere,20252026,LAK,R,R,56,13,13,26,5,12,0.46,11,23,0,1,2,2,0,1,131,9.9,17:22,41.4
Sam Lafferty,20252026,CHI,R,C,19,1,1,2,2,14,0.11,1,2,0,0,0,0,0,0,6,16.7,8:54,50
Alexis Lafrenière,20252026,NYR,L,L,57,12,20,32,-15,14,0.56,9,26,3,6,0,0,0,2,107,11.2,17:03,24.1
Patrik Laine,20252026,MTL,R,L,5,0,1,1,-3,2,0.2,0,1,0,0,0,0,0,0,6,--,12:36,66.7
Brad Lambert,20252026,WPG,R,C,4,1,0,1,-1,2,0.25,1,1,0,0,0,0,0,0,3,33.3,9:02,--
Carson Lambos,20252026,MIN,L,D,1,0,0,0,1,0,0,0,0,0,0,0,0,0,0,1,--,10:16,--
Juho Lammikko,20252026,NJD,L,C,24,0,2,2,-4,4,0.08,0,2,0,0,0,0,0,0,15,--,9:53,49.1
Maveric Lamoureux,20252026,UTA,R,D,5,0,1,1,4,2,0.2,0,1,0,0,0,0,0,0,4,--,14:39,--
Gabriel Landeskog,20252026,COL,L,L,41,7,15,22,18,27,0.54,6,19,1,3,0,0,0,1,87,8,15:51,62.6
Hendrix Lapierre,20252026,WSH,L,C,56,2,7,9,0,12,0.16,2,9,0,0,0,0,0,0,44,4.5,8:28,38.7
Nick Lardis,20252026,CHI,L,L,21,5,2,7,-8,6,0.33,3,4,2,3,0,0,0,0,32,15.6,12:39,50
Dylan Larkin,20252026,DET,L,C,58,26,25,51,8,36,0.88,17,35,9,16,0,0,3,7,170,15.3,20:18,52.7
Adam Larsson,20252026,SEA,R,D,56,5,10,15,3,32,0.27,5,15,0,0,0,0,0,1,60,8.3,21:42,--
Scott Laughton,20252026,TOR,L,C,39,8,3,11,-1,12,0.28,6,9,0,0,2,2,0,1,47,17,13:43,56.5
Jeremy Lauzon,20252026,VGK,L,D,43,0,9,9,2,50,0.21,0,9,0,0,0,0,0,0,43,--,17:31,--
Curtis Lazar,20252026,EDM,R,C,34,3,2,5,-3,10,0.15,3,5,0,0,0,0,0,1,23,13,8:53,59.2
Brett Leason,20252026,WSH,R,R,6,0,0,0,-2,0,0,0,0,0,0,0,0,0,0,1,--,8:35,40
Nick Leddy,20252026,SJS,L,D,19,0,4,4,-9,6,0.21,0,4,0,0,0,0,0,0,6,--,17:30,--
Anders Lee,20252026,NYI,L,L,58,11,20,31,6,29,0.53,8,26,3,5,0,0,0,3,140,7.9,15:25,54.4
Andre Lee,20252026,LAK,L,L,7,1,1,2,-2,0,0.29,1,2,0,0,0,0,0,0,5,20,10:17,--
Charles Alexis Legault,20252026,CAR,R,D,8,1,1,2,4,10,0.25,1,2,0,0,0,0,0,0,10,10,13:16,--
Artturi Lehkonen,20252026,COL,L,L,55,19,23,42,34,12,0.76,18,40,1,2,0,0,0,0,132,14.4,19:09,20
Jonathan Lekkerimäki,20252026,VAN,R,R,13,2,1,3,-3,0,0.23,2,3,0,0,0,0,0,0,10,20,11:41,--
John Leonard,20252026,DET,L,L,9,2,2,4,-2,0,0.44,2,2,0,2,0,0,0,0,9,22.2,12:01,--
Ryan Leonard,20252026,WSH,R,R,52,10,20,30,4,30,0.58,9,21,1,9,0,0,0,2,102,9.8,14:28,54.5
Kris Letang,20252026,PIT,R,D,50,3,22,25,3,22,0.5,2,17,1,8,0,0,2,2,81,3.7,22:06,--
Artyom Levshunov,20252026,CHI,R,D,52,2,19,21,-27,36,0.4,1,10,1,11,0,0,0,0,66,3,19:11,--
Timothy Liljegren,20252026,SJS,R,D,42,1,10,11,-6,27,0.26,1,9,0,2,0,0,0,0,34,2.9,20:15,--
Emil Lilleberg,20252026,TBL,L,D,32,2,4,6,9,43,0.19,2,6,0,0,0,0,0,0,24,8.3,17:21,--
Esa Lindell,20252026,DAL,L,D,57,5,17,22,18,14,0.39,5,20,0,0,0,2,0,1,58,8.6,23:45,--
Ryan Lindgren,20252026,SEA,L,D,56,2,7,9,16,54,0.16,2,8,0,0,0,1,0,1,37,5.4,18:48,--
Elias Lindholm,20252026,BOS,R,C,44,11,26,37,0,34,0.84,5,20,6,17,0,0,0,2,70,15.7,17:29,54.3
Hampus Lindholm,20252026,BOS,L,D,43,4,15,19,-8,44,0.44,3,15,1,4,0,0,0,2,70,5.7,22:07,--
Blake Lizotte,20252026,PIT,L,C,46,6,11,17,10,21,0.37,6,17,0,0,0,0,0,1,42,14.3,13:44,51.7
Mason Lohrei,20252026,BOS,L,D,52,6,17,23,8,12,0.44,4,18,2,5,0,0,0,0,52,11.5,16:39,--
Ryan Lomberg,20252026,CGY,L,L,50,4,4,8,0,59,0.16,4,8,0,0,0,0,0,1,48,8.3,8:55,33.3
Steven Lorentz,20252026,TOR,L,C,50,4,10,14,2,12,0.28,3,13,0,0,1,1,0,0,48,8.3,11:46,53.5
Adam Lowry,20252026,WPG,L,C,44,4,10,14,2,17,0.32,3,13,0,0,1,1,0,1,45,8.9,14:26,53.9
Jett Luchanko,20252026,PHI,R,C,4,0,0,0,-3,2,0,0,0,0,0,0,0,0,0,1,--,8:58,52.4
Matt Luff,20252026,STL,R,R,5,1,0,1,-2,0,0.2,1,1,0,0,0,0,0,0,5,20,9:08,--
Anton Lundell,20252026,FLA,L,C,54,16,24,40,-9,30,0.74,11,23,3,13,2,4,0,3,126,12.7,19:18,52.5
Isac Lundeström,20252026,CBJ,L,C,42,2,5,7,-4,4,0.17,2,7,0,0,0,0,0,0,33,6.1,12:20,53.8
Nils Lundkvist,20252026,DAL,R,D,30,3,4,7,8,12,0.23,3,7,0,0,0,0,0,0,28,10.7,16:17,--
Simon Lundmark,20252026,TBL,R,D,1,0,0,0,1,0,0,0,0,0,0,0,0,0,0,1,--,16:45,--
Eetu Luostarinen,20252026,FLA,L,C,49,7,17,24,1,22,0.49,6,22,1,1,0,1,0,0,75,9.3,16:49,45.8
Olle Lycksell,20252026,OTT,L,R,7,1,1,2,-2,0,0.29,1,2,0,0,0,0,0,1,7,14.3,9:53,--
Ilya Lyubushkin,20252026,DAL,R,D,40,1,6,7,-1,36,0.18,1,7,0,0,0,0,0,0,24,4.2,16:09,--
Nathan Légaré,20252026,NJD,R,R,1,0,0,0,0,0,0,0,0,0,0,0,0,0,0,0,--,8:15,--
Matias Maccelli,20252026,TOR,L,L,46,10,14,24,-12,8,0.52,8,18,2,6,0,0,0,2,58,17.2,14:40,42.9
Kurtis MacDermid,20252026,OTT,L,L,16,0,1,1,-3,33,0.06,0,1,0,0,0,0,0,0,2,--,4:01,--
Mackenzie MacEachern,20252026,VAN,L,L,8,1,3,4,0,12,0.5,1,4,0,0,0,0,0,0,6,16.7,10:11,50
Zack MacEwen,20252026,NJD,R,R,3,0,0,0,0,0,0,0,0,0,0,0,0,0,0,4,--,6:20,--
Nathan MacKinnon,20252026,COL,R,C,55,40,53,93,48,18,1.69,32,71,8,22,0,0,1,5,244,16.4,22:11,51
Kyle MacLean,20252026,NYI,L,C,42,2,4,6,-3,31,0.14,2,6,0,0,0,0,0,0,34,5.9,10:44,61.8
Josh Mahura,20252026,SEA,L,D,20,1,2,3,9,16,0.15,1,3,0,0,0,0,1,1,12,8.3,15:24,--
Logan Mailloux,20252026,STL,R,D,42,1,2,3,-23,33,0.07,1,3,0,0,0,0,0,0,35,2.9,13:55,--
Cale Makar,20252026,COL,R,D,55,15,42,57,28,20,1.04,13,38,2,19,0,0,0,4,148,10.1,25:05,--
Taylor Makar,20252026,COL,L,L,12,0,0,0,0,4,0,0,0,0,0,0,0,0,0,7,--,6:13,--
Beck Malenstyn,20252026,BUF,L,L,56,4,4,8,-6,20,0.14,3,7,0,0,1,1,0,0,49,8.2,11:09,35.7
Sam Malinski,20252026,COL,R,D,55,3,22,25,30,18,0.45,3,24,0,1,0,0,0,1,109,2.8,16:53,--
Evgeni Malkin,20252026,PIT,L,C,41,13,31,44,13,32,1.07,10,29,3,15,0,0,0,1,107,12.1,17:34,45.1
Jeff Malott,20252026,LAK,L,L,40,3,5,8,-5,39,0.2,3,8,0,0,0,0,0,0,38,7.9,9:00,25
Victor Mancini,20252026,VAN,R,D,10,0,0,0,-6,5,0,0,0,0,0,0,0,0,0,6,--,13:38,--
Andrew Mangiapane,20252026,EDM,L,L,49,6,6,12,-21,36,0.24,6,12,0,0,0,0,0,1,47,12.8,12:42,33.3
Josh Manson,20252026,COL,R,D,55,5,19,24,37,64,0.44,5,24,0,0,0,0,0,2,87,5.7,18:11,--
Anthony Mantha,20252026,PIT,L,R,56,20,22,42,14,21,0.75,16,33,4,9,0,0,0,0,104,19.2,14:55,23.1
Brad Marchand,20252026,FLA,L,L,46,25,25,50,-15,34,1.09,19,32,6,18,0,0,1,3,127,19.7,18:12,12.5
Kirill Marchenko,20252026,CBJ,R,R,50,19,27,46,7,20,0.92,15,29,3,16,1,1,0,4,152,12.5,18:45,40
Jonathan Marchessault,20252026,NSH,R,R,38,10,7,17,-18,22,0.45,6,12,4,5,0,0,0,1,89,11.2,16:30,41.7
Mason Marchment,20252026,"SEA,CBJ",L,L,43,13,13,26,5,46,0.6,11,21,2,5,0,0,0,2,71,18.3,17:17,35.9
John Marino,20252026,UTA,R,D,57,4,24,28,37,10,0.49,3,27,0,0,1,1,0,2,45,8.9,20:25,--
Mitch Marner,20252026,VGK,R,R,57,16,42,58,13,16,1.02,12,41,4,17,0,0,0,0,115,13.9,19:58,39.1
Brady Martin,20252026,NSH,R,C,3,0,1,1,0,0,0.33,0,1,0,0,0,0,0,0,2,--,11:25,31.3
Jordan Martinook,20252026,CAR,L,L,54,7,11,18,4,27,0.33,6,17,0,0,1,1,0,2,71,9.9,14:47,47.1
Denton Mateychuk,20252026,CBJ,L,D,49,9,13,22,9,4,0.45,8,20,1,2,0,0,0,0,57,15.8,20:02,--
Mike Matheson,20252026,MTL,L,D,54,5,23,28,14,22,0.52,5,27,0,0,0,1,1,2,78,6.4,24:50,--
Nikolas Matinpalo,20252026,OTT,R,D,30,0,4,4,0,10,0.13,0,4,0,0,0,0,0,0,19,--,15:13,--
Auston Matthews,20252026,TOR,L,C,51,26,22,48,4,16,0.94,22,39,4,9,0,0,1,3,193,13.5,20:49,59.3
Scott Mayfield,20252026,NYI,R,D,56,1,7,8,-3,72,0.14,1,8,0,0,0,0,0,0,49,2,17:27,--
Dysin Mayo,20252026,CBJ,R,D,3,0,1,1,1,0,0.33,0,1,0,0,0,0,0,0,5,--,8:24,--
Charlie McAvoy,20252026,BOS,R,D,45,4,35,39,5,44,0.87,3,23,1,16,0,0,0,0,66,6.1,24:10,--
Jack McBain,20252026,UTA,L,C,57,6,13,19,7,56,0.33,6,19,0,0,0,0,0,1,81,7.4,14:07,51.2
Jake McCabe,20252026,TOR,L,D,55,3,15,18,17,31,0.33,3,18,0,0,0,0,0,0,50,6,22:19,--
Jared McCann,20252026,SEA,L,L,32,16,15,31,3,5,0.97,10,19,6,12,0,0,1,2,79,20.3,16:34,47.4
Michael McCarron,20252026,NSH,R,C,56,5,7,12,-13,69,0.21,4,11,0,0,1,1,0,0,83,6,14:31,52.7
Connor McDavid,20252026,EDM,L,C,58,34,62,96,11,22,1.66,23,55,10,39,1,2,1,2,220,15.5,23:07,47.1
Ryan McDonagh,20252026,TBL,L,D,22,4,6,10,3,0,0.45,4,10,0,0,0,0,0,0,23,17.4,19:54,--
Hugh McGing,20252026,STL,L,L,3,1,1,2,0,0,0.67,1,2,0,0,0,0,0,0,4,25,10:52,80
Rutger McGroarty,20252026,PIT,L,R,20,2,3,5,-1,2,0.25,2,5,0,0,0,0,0,0,34,5.9,11:49,40
Dylan McIlrath,20252026,WSH,R,D,11,0,0,0,-1,10,0,0,0,0,0,0,0,0,0,4,--,9:11,--
Ryan McLeod,20252026,BUF,L,C,57,11,30,41,19,8,0.72,7,31,0,5,4,5,0,1,68,16.2,17:45,46.6
Bobby McMann,20252026,TOR,L,C,56,19,13,32,0,40,0.57,17,28,2,4,0,0,0,3,116,16.4,15:21,66.7
Connor McMichael,20252026,WSH,L,C,55,8,23,31,6,16,0.56,7,29,1,2,0,0,1,3,105,7.6,17:03,43
Brayden McNabb,20252026,VGK,L,D,38,2,1,3,-5,18,0.08,2,3,0,0,0,0,0,1,33,6.1,20:48,--
Mason McTavish,20252026,ANA,L,C,51,13,17,30,-11,36,0.59,9,24,4,6,0,0,0,2,109,11.9,16:18,49.8
Cole McWard,20252026,NYI,R,D,3,0,0,0,1,0,0,0,0,0,0,0,0,0,0,1,--,13:44,--
Jaycob Megna,20252026,VGK,L,D,4,0,0,0,-5,2,0,0,0,0,0,0,0,0,0,1,--,10:37,--
Timo Meier,20252026,NJD,L,R,52,14,14,28,-20,14,0.54,8,18,6,10,0,0,0,2,176,8,18:39,43.8
Jacob Melanson,20252026,SEA,R,R,22,1,3,4,0,21,0.18,1,4,0,0,0,0,0,0,19,5.3,9:31,100
Dawson Mercer,20252026,NJD,R,C,57,13,17,30,-1,31,0.53,8,22,3,6,2,2,0,1,106,12.3,18:16,39.2
Georgii Merkulov,20252026,BOS,L,C,1,0,0,0,-1,0,0,0,0,0,0,0,0,0,0,0,--,10:35,--
Dakota Mermis,20252026,TOR,L,D,11,1,0,1,-3,11,0.09,1,1,0,0,0,0,0,0,5,20,13:02,--
Zach Metsa,20252026,BUF,R,D,26,1,1,2,13,6,0.08,1,2,0,0,0,0,0,1,11,9.1,9:43,--
Ben Meyers,20252026,SEA,L,C,31,5,6,11,0,4,0.35,5,11,0,0,0,0,0,1,40,12.5,11:38,53.4
Matvei Michkov,20252026,PHI,L,R,55,13,16,29,-7,49,0.53,11,22,2,7,0,0,0,0,117,11.1,14:34,11.1
Jake Middleton,20252026,MIN,L,D,51,1,12,13,0,57,0.25,1,13,0,0,0,0,0,0,41,2.4,17:53,--
Keaton Middleton,20252026,COL,L,D,3,0,1,1,-1,4,0.33,0,1,0,0,0,0,0,0,0,--,10:45,--
Ilya Mikheyev,20252026,CHI,L,R,52,11,12,23,-1,14,0.44,10,21,0,0,1,2,0,2,84,13.1,17:41,22.2
Niko Mikkola,20252026,FLA,L,D,57,1,8,9,4,45,0.16,1,9,0,0,0,0,0,0,55,1.8,20:18,--
Sonny Milano,20252026,WSH,L,L,31,4,4,8,0,4,0.26,4,8,0,0,0,0,0,2,34,11.8,8:53,66.7
Colin Miller,20252026,WPG,R,D,15,0,1,1,-8,6,0.07,0,1,0,0,0,0,0,0,16,--,13:45,--
J.T. Miller,20252026,NYR,L,C,48,14,22,36,-22,16,0.75,10,26,4,10,0,0,3,3,107,13.1,20:40,61.2
K'Andre Miller,20252026,CAR,L,D,49,4,19,23,0,40,0.47,3,18,1,3,0,2,0,1,82,4.9,22:29,--
Fraser Minten,20252026,BOS,L,C,57,14,15,29,18,14,0.51,13,25,1,3,0,1,2,2,77,18.2,14:52,48.5
Pavel Mintyukov,20252026,ANA,L,D,51,6,9,15,-3,4,0.29,6,14,0,1,0,0,0,2,51,11.8,17:58,--
Daniil Miromanov,20252026,CGY,R,D,1,0,0,0,0,0,0,0,0,0,0,0,0,0,0,0,--,17:49,--
Ivan Miroshnichenko,20252026,WSH,R,L,4,0,0,0,1,2,0,0,0,0,0,0,0,0,0,5,--,10:27,--
Michael Misa,20252026,SJS,L,C,18,2,6,8,1,4,0.44,2,7,0,1,0,0,0,0,23,8.7,11:49,44.8
Travis Mitchell,20252026,NYI,L,D,9,1,0,1,0,6,0.11,1,1,0,0,0,0,0,0,4,25,11:32,--
Casey Mittelstadt,20252026,BOS,L,C,47,12,16,28,1,4,0.6,10,22,2,6,0,0,0,1,55,21.8,15:04,52.2
Sean Monahan,20252026,CBJ,L,C,52,10,17,27,2,12,0.52,9,19,1,8,0,0,0,3,87,11.5,17:34,53.4
Brandon Montour,20252026,SEA,R,D,38,7,15,22,-1,33,0.58,6,16,1,6,0,0,1,2,94,7.4,22:16,--
Ian Moore,20252026,ANA,R,D,41,2,7,9,0,18,0.22,2,8,0,0,0,1,0,1,39,5.1,14:10,--
Oliver Moore,20252026,CHI,L,C,45,5,11,16,-16,17,0.36,3,11,2,5,0,0,0,0,51,9.8,13:10,48.9
Trevor Moore,20252026,LAK,L,L,44,7,8,15,-2,6,0.34,6,13,0,0,1,2,0,1,80,8.8,15:55,18.8
Josh Morrissey,20252026,WPG,L,D,56,10,32,42,10,24,0.75,8,30,2,12,0,0,0,1,104,9.6,24:37,--
Scott Morrow,20252026,NYR,R,D,28,0,6,6,-4,4,0.21,0,4,0,2,0,0,0,0,23,--,15:40,--
Sam Morton,20252026,CGY,L,C,3,0,0,0,-1,10,0,0,0,0,0,0,0,0,0,3,--,9:20,66.7
J.J. Moser,20252026,TBL,L,D,53,5,14,19,39,49,0.36,5,17,0,1,0,1,0,0,76,6.6,22:10,--
Jacob Moverare,20252026,LAK,L,D,14,0,0,0,-4,0,0,0,0,0,0,0,0,0,0,6,--,8:27,--
Shakir Mukhamadullin,20252026,SJS,L,D,26,3,4,7,-4,12,0.27,3,7,0,0,0,0,0,0,22,13.6,16:15,--
Ty Murchison,20252026,PHI,L,D,3,0,0,0,1,0,0,0,0,0,0,0,0,0,0,1,--,15:00,--
Connor Murphy,20252026,CHI,R,D,57,4,8,12,-5,46,0.21,4,12,0,0,0,0,0,0,53,7.5,16:30,--
Philippe Myers,20252026,TOR,R,D,27,0,2,2,-7,14,0.07,0,2,0,0,0,0,0,0,31,--,13:52,--
Tyler Myers,20252026,VAN,R,D,57,1,7,8,-25,40,0.14,1,8,0,0,0,0,0,0,71,1.4,20:13,--
Olli Määttä,20252026,UTA,L,D,19,0,1,1,-4,2,0.05,0,1,0,0,0,0,0,0,9,--,11:55,--
Bradly Nadeau,20252026,CAR,R,L,8,2,0,2,-2,0,0.25,1,1,1,1,0,0,0,0,8,25,11:51,--
Vladislav Namestnikov,20252026,WPG,L,C,55,7,6,13,-10,28,0.24,5,11,2,2,0,0,0,1,70,10,14:04,39.5
Frank Nazar,20252026,CHI,R,C,41,7,17,24,-9,24,0.59,5,17,1,6,1,1,0,1,89,7.9,18:30,45.1
Martin Necas,20252026,COL,R,C,52,22,40,62,35,26,1.19,18,51,4,11,0,0,0,0,124,17.7,20:59,45
Jake Neighbours,20252026,STL,L,L,44,14,11,25,-9,24,0.57,13,21,1,4,0,0,0,2,60,23.3,15:48,20
Brock Nelson,20252026,COL,L,C,55,29,20,49,7,22,0.89,21,38,8,11,0,0,0,6,125,23.2,19:14,49.9
Simon Nemec,20252026,NJD,R,D,43,8,12,20,-2,18,0.47,8,19,0,1,0,0,3,3,65,12.3,19:39,--
Nikita Nesterenko,20252026,ANA,L,C,29,1,8,9,-2,8,0.31,1,9,0,0,0,0,0,1,31,3.2,12:15,39.3
Alex Newhook,20252026,MTL,L,C,17,6,6,12,7,8,0.71,5,11,1,1,0,0,1,2,24,25,14:38,41.6
Valeri Nichushkin,20252026,COL,L,R,46,12,22,34,7,18,0.74,11,31,1,3,0,0,0,1,107,11.2,18:05,66.7
Nino Niederreiter,20252026,WPG,L,R,55,8,11,19,-4,14,0.35,7,14,1,5,0,0,0,2,76,10.5,13:54,50
Tristen Nielsen,20252026,COL,L,C,4,0,1,1,1,0,0.25,0,1,0,0,0,0,0,0,3,--,6:18,--
Alexander Nikishin,20252026,CAR,L,D,56,7,15,22,9,23,0.39,5,16,2,6,0,0,0,0,88,8,18:20,--
Stefan Noesen,20252026,NJD,R,R,38,3,4,7,-12,33,0.18,2,4,1,3,0,0,0,1,52,5.8,11:45,48.5
Josh Norris,20252026,BUF,L,C,19,6,11,17,0,6,0.89,5,11,1,6,0,0,0,1,27,22.2,15:57,49.2
Thomas Novak,20252026,PIT,L,C,56,11,20,31,3,22,0.55,8,26,3,5,0,0,0,1,85,12.9,13:37,41.7
Ryan Nugent-Hopkins,20252026,EDM,L,C,49,13,32,45,-6,19,0.92,6,20,7,24,0,1,0,2,84,15.5,19:13,45.6
Darnell Nurse,20252026,EDM,L,D,58,7,11,18,-11,86,0.31,7,16,0,0,0,2,0,0,125,5.6,20:50,--
William Nylander,20252026,TOR,R,R,40,18,34,52,2,14,1.3,15,42,3,10,0,0,3,3,86,20.9,18:33,37.7
Jani Nyman,20252026,SEA,L,R,24,4,2,6,1,6,0.25,3,4,1,2,0,0,0,0,31,12.9,10:42,33.3
Gustav Nyquist,20252026,WPG,L,R,35,0,9,9,-4,6,0.26,0,4,0,5,0,0,0,0,42,--,12:59,42.1
Joel Nystrom,20252026,CAR,R,D,37,1,8,9,5,6,0.24,1,9,0,0,0,0,0,0,43,2.3,15:10,--
Liam O'Brien,20252026,UTA,L,C,32,2,1,3,-6,43,0.09,2,3,0,0,0,0,0,0,26,7.7,9:01,62.5
Drew O'Connor,20252026,VAN,L,L,57,13,8,21,3,22,0.37,11,18,0,0,2,3,0,2,82,15.9,14:01,50.5
Ryan O'Reilly,20252026,NSH,L,C,57,20,36,56,8,12,0.98,15,39,3,15,2,2,0,5,105,19,20:10,55.3
Liam Ohgren,20252026,"MIN,VAN",L,L,44,4,5,9,-3,0,0.2,4,9,0,0,0,0,0,0,57,7,11:36,40
Jamie Oleksiak,20252026,SEA,L,D,54,3,6,9,9,18,0.17,3,9,0,0,0,0,0,1,51,5.9,16:57,--
Mathieu Olivier,20252026,CBJ,R,R,43,8,9,17,9,62,0.4,8,17,0,0,0,0,0,2,55,14.5,14:31,28.6
Victor Olofsson,20252026,COL,L,L,55,10,14,24,2,6,0.44,8,17,2,7,0,0,0,3,103,9.7,13:32,37.5
Dmitry Orlov,20252026,SJS,L,D,55,1,22,23,-10,32,0.42,1,12,0,11,0,0,0,0,54,1.9,21:23,--
Zack Ostapchuk,20252026,SJS,L,C,32,3,1,4,-8,10,0.13,3,4,0,0,0,0,0,2,23,13,9:48,52.7
Noah Ostlund,20252026,BUF,L,C,45,10,9,19,5,8,0.42,8,15,2,4,0,0,0,0,43,23.3,13:32,30.2
Brennan Othmann,20252026,NYR,L,L,16,1,0,1,-5,9,0.06,1,1,0,0,0,0,0,0,13,7.7,9:55,--
Alex Ovechkin,20252026,WSH,R,L,59,22,26,48,2,20,0.81,18,33,4,15,0,0,0,4,164,13.4,17:52,66.7
Brayden Pachal,20252026,CGY,R,D,26,0,3,3,-2,37,0.12,0,3,0,0,0,0,0,0,19,--,13:07,--
Jean-Gabriel Pageau,20252026,NYI,R,C,50,12,12,24,-1,2,0.48,9,19,0,0,3,5,1,3,51,23.5,15:29,60.4
Ondrej Palat,20252026,"NJD,NYI",L,L,57,5,8,13,-3,12,0.23,4,11,1,2,0,0,0,0,62,8.1,13:03,42.9
Kyle Palmieri,20252026,NYI,R,C,25,6,12,18,-2,8,0.72,4,12,1,5,1,1,0,1,71,8.5,18:53,50
Artemi Panarin,20252026,NYR,R,L,52,19,38,57,-16,14,1.1,17,40,2,17,0,0,0,3,158,12,20:55,100
Colton Parayko,20252026,STL,R,D,57,1,12,13,-15,16,0.23,1,13,0,0,0,0,0,0,71,1.4,22:25,--
Zayne Parekh,20252026,CGY,R,D,13,0,1,1,-1,0,0.08,0,0,0,1,0,0,0,0,12,--,14:59,--
Xavier Parent,20252026,NJD,L,C,5,0,0,0,-1,2,0,0,0,0,0,0,0,0,0,2,--,8:34,--
Juuso Parssinen,20252026,NYR,L,C,14,2,1,3,3,2,0.21,2,3,0,0,0,0,0,0,12,16.7,8:56,48.3
David Pastrnak,20252026,BOS,R,R,52,22,49,71,2,40,1.37,13,45,9,26,0,0,1,4,183,12,20:22,20
Nick Paul,20252026,TBL,L,L,34,6,6,12,-10,18,0.35,5,10,1,2,0,0,0,1,48,12.5,14:11,54.4
Tanner Pearson,20252026,WPG,L,L,47,7,3,10,4,23,0.21,7,10,0,0,0,0,0,2,41,17.1,10:50,22.2
Lane Pederson,20252026,PHI,R,C,5,0,0,0,0,0,0,0,0,0,0,0,0,0,0,0,--,8:52,48.1
Andrew Peeke,20252026,BOS,R,D,56,4,8,12,-7,20,0.21,4,12,0,0,0,0,0,0,59,6.8,19:37,--
Adam Pelech,20252026,NYI,L,D,58,3,7,10,9,30,0.17,3,9,0,0,0,1,0,2,82,3.7,20:53,--
Jakob Pelletier,20252026,TBL,L,L,2,0,0,0,0,0,0,0,0,0,0,0,0,0,0,0,--,9:03,100
Nick Perbix,20252026,NSH,R,D,54,3,6,9,-14,14,0.17,3,9,0,0,0,0,0,0,54,5.6,19:22,--
Cole Perfetti,20252026,WPG,L,C,42,6,12,18,-8,12,0.43,4,14,2,4,0,0,0,1,80,7.5,14:40,44.4
Gabe Perreault,20252026,NYR,L,R,24,3,5,8,-3,4,0.33,2,6,1,2,0,0,0,0,30,10,14:58,75
David Perron,20252026,OTT,R,L,49,10,15,25,2,22,0.51,7,17,3,8,0,0,0,1,69,14.5,13:26,37.5
Corey Perry,20252026,LAK,R,R,45,11,17,28,3,42,0.62,7,17,4,11,0,0,0,0,80,13.8,14:16,24
Brett Pesce,20252026,NJD,R,D,33,1,5,6,-9,6,0.18,1,6,0,0,0,0,0,0,41,2.4,20:22,--
JJ Peterka,20252026,UTA,L,R,57,20,18,38,11,24,0.67,18,35,2,3,0,0,0,2,110,18.2,16:33,31.8
Alexander Petrovic,20252026,DAL,R,D,50,2,7,9,3,47,0.18,2,9,0,0,0,0,0,0,52,3.8,15:34,--
Jeff Petry,20252026,FLA,R,D,55,0,8,8,-9,22,0.15,0,6,0,2,0,0,0,0,43,--,14:52,--
Elias Pettersson,20252026,VAN,L,C,49,13,21,34,-15,14,0.69,10,22,2,11,1,1,0,0,91,14.3,19:31,45.9
Elias Pettersson,20252026,VAN,L,D,47,2,6,8,-8,14,0.17,2,8,0,0,0,0,0,0,26,7.7,14:25,--
Marcus Pettersson,20252026,VAN,L,D,57,1,10,11,-3,56,0.19,1,11,0,0,0,0,0,0,49,2,21:11,--
Isaak Phillips,20252026,WPG,L,D,2,0,0,0,0,2,0,0,0,0,0,0,0,0,0,3,--,8:12,--
Noah Philp,20252026,"EDM,CAR",R,C,17,2,1,3,-7,4,0.18,2,3,0,0,0,0,0,0,14,14.3,9:57,56.1
Owen Pickering,20252026,PIT,L,D,4,0,0,0,-3,2,0,0,0,0,0,0,0,0,0,1,--,12:06,--
Luca Pinelli,20252026,CBJ,L,C,3,0,0,0,-1,0,0,0,0,0,0,0,0,0,0,6,--,13:46,--
Shane Pinto,20252026,OTT,R,C,47,15,14,29,2,28,0.62,13,26,2,2,0,1,0,1,102,14.7,18:47,50.9
Neal Pionk,20252026,WPG,R,D,40,2,6,8,-1,19,0.2,1,6,1,2,0,0,0,1,76,2.6,22:47,--
Tyler Pitlick,20252026,MIN,R,C,31,2,0,2,-4,24,0.06,2,2,0,0,0,0,0,0,26,7.7,7:48,--
Vasily Podkolzin,20252026,EDM,L,R,58,12,13,25,15,44,0.43,12,25,0,0,0,0,0,4,87,13.8,15:20,28.8
Ryan Poehling,20252026,ANA,L,C,49,5,17,22,9,8,0.45,4,19,0,0,1,3,0,1,51,9.8,14:18,47.2
Brayden Point,20252026,TBL,R,C,37,11,19,30,4,8,0.81,8,23,3,7,0,0,0,0,82,13.4,18:02,45.9
Matthew Poitras,20252026,BOS,R,C,3,1,0,1,1,4,0.33,1,1,0,0,0,0,0,0,8,12.5,12:07,38.9
Jason Polin,20252026,COL,R,R,2,0,0,0,1,0,0,0,0,0,0,0,0,0,0,0,--,5:59,--
Martin Pospisil,20252026,CGY,L,C,7,0,0,0,-4,6,0,0,0,0,0,0,0,0,0,10,--,10:44,62.5
Samuel Poulin,20252026,PIT,L,R,2,0,0,0,-2,0,0,0,0,0,0,0,0,0,0,1,--,13:49,--
Owen Power,20252026,BUF,L,D,56,4,13,17,1,6,0.3,4,15,0,0,0,2,0,0,87,4.6,21:40,--
Aliaksei Protas,20252026,WSH,L,C,56,19,19,38,14,18,0.68,18,35,0,1,1,2,0,4,123,15.4,18:25,41
Ivan Provorov,20252026,CBJ,L,D,56,6,14,20,15,26,0.36,6,17,0,3,0,0,0,0,111,5.4,25:23,--
Ryan Pulock,20252026,NYI,R,D,56,3,20,23,12,10,0.41,3,21,0,1,0,1,0,0,68,4.4,21:03,--
Mikael Pyyhtia,20252026,CBJ,L,L,5,1,0,1,-1,0,0.2,1,1,0,0,0,0,0,0,6,16.7,10:16,--
Jacob Quillan,20252026,TOR,L,C,4,0,0,0,2,0,0,0,0,0,0,0,0,0,0,1,--,7:39,43.8
Jack Quinn,20252026,BUF,R,R,57,12,25,37,1,12,0.65,10,32,2,5,0,0,0,4,118,10.2,15:45,25
Darren Raddysh,20252026,TBL,R,D,49,17,35,52,17,33,1.06,8,32,9,20,0,0,1,5,129,13.2,22:33,--
Taylor Raddysh,20252026,NYR,R,R,54,8,5,13,1,8,0.24,7,12,0,0,1,1,0,0,41,19.5,11:58,14.3
Rickard Rakell,20252026,PIT,R,R,35,10,14,24,0,4,0.69,7,16,3,7,0,1,0,0,103,9.7,18:59,9.5
Mikko Rantanen,20252026,DAL,L,R,54,20,49,69,2,87,1.28,15,39,5,30,0,0,0,1,126,15.9,20:12,50
Michael Rasmussen,20252026,DET,L,C,53,6,8,14,-4,8,0.26,5,13,0,0,1,1,0,0,58,10.3,12:44,49.4
Lucas Raymond,20252026,DET,R,L,56,19,41,60,10,12,1.07,14,38,5,22,0,0,0,5,122,15.6,18:34,100
Ryan Reaves,20252026,SJS,R,R,46,3,0,3,-12,32,0.07,3,3,0,0,0,0,0,0,23,13,7:58,--
Pavol Regenda,20252026,SJS,L,L,16,8,1,9,3,10,0.56,4,5,4,4,0,0,0,2,34,23.5,14:02,64.3
Alec Regula,20252026,EDM,R,D,29,0,3,3,-16,35,0.1,0,3,0,0,0,0,0,0,18,--,14:28,--
Lukas Reichel,20252026,"CHI,VAN",L,L,19,2,3,5,-4,6,0.26,2,5,0,0,0,0,0,0,15,13.3,12:15,39.3
Mike Reilly,20252026,CAR,L,D,29,1,6,7,9,14,0.24,0,6,0,0,1,1,0,0,45,2.2,15:46,--
Cole Reinhardt,20252026,VGK,L,L,40,3,4,7,-4,12,0.18,3,7,0,0,0,0,0,0,32,9.4,9:45,55.6
Sam Reinhart,20252026,FLA,R,C,57,27,28,55,-16,10,0.96,14,29,10,22,3,4,0,5,148,18.2,21:25,38.6
Matt Rempe,20252026,NYR,R,C,26,1,0,1,-4,11,0.04,1,1,0,0,0,0,0,0,15,6.7,8:36,37.5
Morgan Rielly,20252026,TOR,L,D,54,7,24,31,-17,12,0.57,6,25,1,6,0,0,0,2,106,6.6,21:34,--
Marshall Rifai,20252026,TOR,L,D,1,0,0,0,0,0,0,0,0,0,0,0,0,0,0,1,--,9:40,--
Sam Rinzel,20252026,CHI,R,D,31,2,7,9,0,30,0.29,2,9,0,0,0,0,0,1,48,4.2,17:09,--
Rasmus Ristolainen,20252026,PHI,R,D,19,1,5,6,-4,4,0.32,1,5,0,0,0,1,0,0,29,3.4,19:55,--
Calum Ritchie,20252026,NYI,R,C,41,7,8,15,-5,16,0.37,6,11,1,4,0,0,0,2,51,13.7,12:14,36.7
Jason Robertson,20252026,DAL,L,L,57,32,34,66,20,20,1.16,21,39,11,27,0,0,0,5,205,15.6,19:52,--
Matthew Robertson,20252026,NYR,L,D,47,4,7,11,-6,30,0.23,4,11,0,0,0,0,1,1,47,8.5,17:15,--
Nicholas Robertson,20252026,TOR,L,L,54,12,14,26,-2,2,0.48,10,22,2,4,0,0,0,1,86,14,12:29,56.3
Justin Robidas,20252026,CAR,R,C,2,0,1,1,0,0,0.5,0,1,0,0,0,0,0,0,2,--,10:41,50
Eric Robinson,20252026,CAR,L,L,44,10,5,15,7,2,0.34,10,14,0,0,0,1,0,2,59,16.9,11:44,7.7
Evan Rodrigues,20252026,FLA,R,C,56,10,15,25,-12,34,0.45,9,22,1,3,0,0,0,0,132,7.6,17:15,46.5
Alexander Romanov,20252026,NYI,L,D,15,0,1,1,-7,6,0.07,0,1,0,0,0,0,0,0,17,--,19:27,--
Jonas Rondbjerg,20252026,VGK,L,R,4,0,1,1,-2,0,0.25,0,1,0,0,0,0,0,0,6,--,12:05,--
Kevin Rooney,20252026,UTA,L,C,1,1,0,1,1,0,1,1,1,0,0,0,0,0,0,1,100,9:44,25
Isak Rosen,20252026,BUF,L,R,16,3,4,7,-3,0,0.44,3,5,0,2,0,0,0,0,16,18.8,12:34,100
Jack Roslovic,20252026,EDM,R,C,45,15,9,24,-8,14,0.53,12,19,3,5,0,0,2,4,96,15.6,16:04,53.2
Marco Rossi,20252026,"MIN,VAN",L,C,25,5,10,15,-11,4,0.6,5,10,0,5,0,0,0,0,36,13.9,18:18,49.4
Joshua Roy,20252026,MTL,L,R,3,0,0,0,0,2,0,0,0,0,0,0,0,0,0,2,--,9:47,--
Matt Roy,20252026,WSH,R,D,56,1,14,15,13,10,0.27,1,15,0,0,0,0,0,0,71,1.4,20:41,--
Nicolas Roy,20252026,TOR,R,C,54,5,15,20,2,6,0.37,4,18,1,1,0,1,0,0,52,9.6,14:41,53.6
Bryan Rust,20252026,PIT,R,R,49,19,21,40,-1,18,0.82,15,23,4,17,0,0,0,4,126,15.1,20:10,--
Aatu Räty,20252026,VAN,L,C,45,3,9,12,1,20,0.27,3,12,0,0,0,0,0,1,44,6.8,12:09,60.7
Brandon Saad,20252026,VGK,L,L,39,2,5,7,-1,14,0.18,2,7,0,0,0,0,0,0,64,3.1,13:53,28.6
Scott Sabourin,20252026,TBL,R,R,11,1,2,3,0,63,0.27,1,3,0,0,0,0,0,0,7,14.3,8:07,--
Elias Salomonsson,20252026,WPG,R,D,13,0,0,0,-5,0,0,0,0,0,0,0,0,0,0,15,--,16:58,--
Josh Samanski,20252026,EDM,L,C,5,0,2,2,1,0,0.4,0,2,0,0,0,0,0,0,1,--,9:21,59.3
Dylan Samberg,20252026,WPG,L,D,40,0,9,9,-1,8,0.23,0,9,0,0,0,0,0,0,52,--,21:16,--
Mackie Samoskevich,20252026,FLA,R,R,55,6,15,21,-8,20,0.38,3,13,3,8,0,0,0,1,122,4.9,14:14,25
Mattias Samuelsson,20252026,BUF,L,D,55,11,23,34,28,16,0.62,10,31,0,0,1,3,1,3,76,14.5,23:03,--
Jake Sanderson,20252026,OTT,L,D,57,11,35,46,7,8,0.81,8,29,3,17,0,0,0,2,119,9.2,25:01,--
Rasmus Sandin,20252026,WSH,L,D,52,2,16,18,4,10,0.35,2,18,0,0,0,0,0,0,64,3.1,18:51,--
Axel Sandin-Pellikka,20252026,DET,R,D,58,6,12,18,-20,16,0.31,5,11,1,7,0,0,0,1,59,10.2,16:40,--
Travis Sanheim,20252026,PHI,L,D,56,6,18,24,2,20,0.43,4,19,1,3,1,2,1,1,66,9.1,24:02,--
Steven Santini,20252026,TBL,R,D,9,0,1,1,1,2,0.11,0,1,0,0,0,0,0,0,3,--,11:34,--
Max Sasson,20252026,VAN,L,C,50,10,2,12,-9,20,0.24,10,11,0,1,0,0,0,0,48,20.8,11:28,42.2
Matt Savoie,20252026,EDM,R,C,58,9,9,18,-2,20,0.31,6,13,2,4,1,1,0,1,79,11.4,13:50,46.2
Matthew Schaefer,20252026,NYI,L,D,58,16,23,39,9,28,0.67,10,25,6,14,0,0,2,4,137,11.7,24:05,--
Reid Schaefer,20252026,NSH,L,L,27,4,2,6,-9,13,0.22,4,6,0,0,0,0,0,1,24,16.7,10:13,--
Mark Scheifele,20252026,WPG,R,C,56,27,41,68,0,22,1.21,20,51,7,16,0,1,0,4,116,23.3,21:05,45.8
Brayden Schenn,20252026,STL,L,C,57,12,12,24,-25,49,0.42,9,18,3,6,0,0,0,2,80,15,16:45,54
Luke Schenn,20252026,WPG,R,D,42,1,5,6,-9,27,0.14,1,6,0,0,0,0,0,0,31,3.2,13:45,--
Nick Schmaltz,20252026,UTA,R,C,57,23,30,53,21,20,0.93,17,40,5,12,1,1,0,5,138,16.7,19:44,46.4
Nate Schmidt,20252026,UTA,L,D,57,4,14,18,28,16,0.32,4,18,0,0,0,0,0,1,58,6.9,20:05,--
Braden Schneider,20252026,NYR,R,D,57,2,9,11,-15,16,0.19,2,11,0,0,0,0,0,0,74,2.7,20:19,--
Jaden Schwartz,20252026,SEA,L,L,36,9,10,19,7,8,0.53,6,15,2,3,1,1,0,2,68,13.2,16:35,60.5
Cole Schwindt,20252026,FLA,R,R,21,3,1,4,1,2,0.19,3,4,0,0,0,0,0,0,12,25,8:55,44.3
Donovan Sebrango,20252026,"OTT,FLA",L,D,19,0,2,2,-5,54,0.11,0,2,0,0,0,0,0,0,12,--,12:42,--
Nick Seeler,20252026,PHI,L,D,56,2,5,7,-5,27,0.13,2,7,0,0,0,0,0,0,71,2.8,18:43,--
Tyler Seguin,20252026,DAL,R,C,27,7,10,17,10,2,0.63,6,13,1,4,0,0,0,2,31,22.6,16:40,53.6
Moritz Seider,20252026,DET,R,D,58,7,31,38,13,43,0.66,6,20,1,18,0,0,1,1,122,5.7,25:40,--
Beckett Sennecke,20252026,ANA,R,R,56,18,26,44,-5,36,0.79,16,35,1,8,1,1,1,2,129,14,17:26,50
Mikhail Sergachev,20252026,UTA,L,D,57,9,29,38,1,36,0.67,5,22,4,15,0,1,0,1,112,8,24:24,--
Damon Severson,20252026,CBJ,R,D,55,4,17,21,7,30,0.38,3,17,1,4,0,0,0,2,71,5.6,20:44,--
Max Shabanov,20252026,NYI,L,R,40,4,12,16,-3,2,0.4,4,11,0,5,0,0,0,0,51,7.8,13:57,--
Yegor Sharangovich,20252026,CGY,L,C,52,11,9,20,-18,8,0.38,8,15,3,5,0,0,0,1,103,10.7,16:12,28.4
Ryan Shea,20252026,PIT,L,D,56,3,19,22,21,20,0.39,3,22,0,0,0,0,0,0,56,5.4,19:02,--
Conor Sheary,20252026,NYR,L,L,37,1,8,9,-4,8,0.24,1,7,0,2,0,0,0,0,55,1.8,14:35,57.1
Kiefer Sherwood,20252026,"VAN,SJS",R,L,45,17,6,23,-12,24,0.51,10,12,6,10,1,1,1,2,110,15.5,17:33,38.2
Jonas Siegenthaler,20252026,NJD,L,D,57,0,7,7,-12,37,0.12,0,6,0,0,0,1,0,0,44,--,19:48,--
Cole Sillinger,20252026,CBJ,L,C,55,6,20,26,5,22,0.47,6,25,0,1,0,0,0,1,93,6.5,15:26,40
Dmitri Simashev,20252026,UTA,L,D,24,0,1,1,-9,18,0.04,0,1,0,0,0,0,0,0,23,--,15:28,--
Colton Sissons,20252026,VGK,R,C,41,3,3,6,-7,15,0.15,3,5,0,1,0,0,0,1,43,7,11:48,55.1
Hunter Skinner,20252026,STL,R,D,1,0,0,0,1,0,0,0,0,0,0,0,0,0,0,0,--,10:45,--
Jeff Skinner,20252026,SJS,L,L,32,6,7,13,-8,14,0.41,4,9,2,4,0,0,0,0,56,10.7,12:21,27.3
Brady Skjei,20252026,NSH,L,D,57,1,16,17,-10,26,0.3,1,15,0,2,0,0,0,0,85,1.2,22:27,--
Juraj Slafkovský,20252026,MTL,L,L,57,21,24,45,8,42,0.79,11,28,10,17,0,0,0,2,117,17.9,18:04,34
Landon Slaggert,20252026,CHI,L,L,30,2,3,5,3,14,0.17,2,5,0,0,0,0,0,1,28,7.1,10:58,50
Jaccob Slavin,20252026,CAR,L,D,17,0,3,3,9,2,0.18,0,3,0,0,0,0,0,0,22,--,20:12,--
Brendan Smith,20252026,CBJ,L,D,15,0,2,2,-1,11,0.13,0,2,0,0,0,0,0,0,10,--,11:05,--
Cole Smith,20252026,NSH,L,R,38,6,4,10,-6,31,0.26,6,9,0,0,0,1,0,1,51,11.8,14:29,21.4
Reilly Smith,20252026,VGK,L,R,53,9,7,16,-10,2,0.3,7,14,1,1,1,1,1,1,61,14.8,13:49,32.7
Will Smith,20252026,SJS,R,C,42,17,22,39,0,14,0.93,12,27,5,12,0,0,1,3,103,16.5,18:09,27.8
Jimmy Snuggerud,20252026,STL,R,R,45,10,14,24,-5,10,0.53,6,17,4,7,0,0,0,3,95,10.5,16:07,75
Elmer Soderblom,20252026,DET,L,L,38,2,1,3,-4,12,0.08,2,3,0,0,0,0,0,1,42,4.8,10:46,40
Victor Soderstrom,20252026,BOS,R,D,8,0,1,1,3,0,0.13,0,1,0,0,0,0,0,0,8,--,13:41,--
Ilya Solovyov,20252026,"COL,PIT",L,D,21,1,5,6,5,10,0.29,1,6,0,0,0,0,0,0,16,6.3,12:06,--
Carson Soucy,20252026,"NYR,NYI",L,D,52,4,5,9,2,22,0.17,4,9,0,0,0,0,0,0,45,8.9,16:56,--
Justin Sourdif,20252026,WSH,R,R,55,12,14,26,12,25,0.47,10,24,2,2,0,0,1,1,82,14.6,14:40,46.5
David Spacek,20252026,MIN,R,D,2,0,0,0,-1,0,0,0,0,0,0,0,0,0,0,0,--,10:45,--
Jordan Spence,20252026,OTT,R,D,48,4,15,19,15,10,0.4,4,19,0,0,0,0,0,1,67,6,17:16,--
Jared Spurgeon,20252026,MIN,R,D,58,6,11,17,-1,14,0.29,4,12,2,5,0,0,1,2,69,8.7,20:02,--
Jack St. Ivany,20252026,PIT,R,D,17,0,7,7,7,6,0.41,0,7,0,0,0,0,0,0,16,--,15:39,--
Jordan Staal,20252026,CAR,L,C,54,15,11,26,4,25,0.48,12,23,3,3,0,0,0,2,76,19.7,16:02,55.7
Steven Stamkos,20252026,NSH,R,C,57,28,16,44,-16,32,0.77,19,29,9,15,0,0,3,9,140,20,17:38,55.6
Logan Stankoven,20252026,CAR,R,C,57,10,15,25,4,23,0.44,10,21,0,4,0,0,0,1,112,8.9,15:13,44.4
Logan Stanley,20252026,WPG,L,D,55,9,9,18,-4,97,0.33,9,18,0,0,0,0,0,1,59,15.3,16:33,--
Spencer Stastney,20252026,"NSH,EDM",L,D,57,2,8,10,-8,16,0.18,2,9,0,0,0,1,0,0,54,3.7,15:24,--
Troy Stecher,20252026,"EDM,TOR",R,D,44,3,8,11,6,18,0.25,3,11,0,0,0,0,0,1,49,6.1,19:23,--
Sam Steel,20252026,DAL,L,C,57,7,16,23,-2,20,0.4,6,20,1,3,0,0,0,5,64,10.9,16:13,50.6
Alex Steeves,20252026,BOS,L,C,38,9,7,16,6,32,0.42,7,12,1,3,1,1,0,0,49,18.4,12:04,42.9
Otto Stenberg,20252026,STL,L,C,18,1,7,8,4,0,0.44,1,7,0,0,0,1,0,0,17,5.9,14:00,40
Kevin Stenlund,20252026,UTA,R,C,56,4,8,12,-9,20,0.21,3,10,0,0,1,2,0,0,48,8.3,14:44,53.6
Chandler Stephenson,20252026,SEA,L,C,54,13,23,36,-14,12,0.67,7,21,6,14,0,1,0,1,69,18.8,19:45,52.4
Riley Stillman,20252026,EDM,L,D,4,0,0,0,1,0,0,0,0,0,0,0,0,0,0,1,--,12:02,--
Mark Stone,20252026,VGK,R,R,41,21,39,60,18,7,1.46,14,37,7,22,0,1,2,4,92,22.8,19:33,27.3
Dylan Strome,20252026,WSH,L,C,57,16,31,47,9,34,0.82,11,30,5,17,0,0,0,1,112,14.3,18:35,59.5
Ryan Strome,20252026,ANA,R,C,32,3,5,8,-7,27,0.25,2,7,1,1,0,0,0,0,35,8.6,12:05,46.9
William Stromgren,20252026,CGY,L,L,3,0,0,0,-1,0,0,0,0,0,0,0,0,0,0,2,--,7:17,--
Jayden Struble,20252026,MTL,L,D,39,0,8,8,-2,36,0.21,0,8,0,0,0,0,0,0,12,--,14:04,--
Jack Studnicka,20252026,FLA,R,C,18,0,0,0,-6,4,0,0,0,0,0,0,0,0,0,16,--,7:04,37.9
Nico Sturm,20252026,MIN,L,C,35,3,6,9,1,8,0.26,3,9,0,0,0,0,0,0,29,10.3,11:10,55.3
Tim Stützle,20252026,OTT,L,C,57,28,33,61,6,31,1.07,20,41,7,19,1,1,2,5,145,19.3,20:31,53.6
Oskar Sundqvist,20252026,STL,R,C,43,4,10,14,-17,16,0.33,4,13,0,1,0,0,0,0,34,11.8,13:15,46.7
Pius Suter,20252026,STL,L,C,40,7,8,15,-2,12,0.38,6,11,1,3,0,1,0,2,62,11.3,16:32,47.6
Nick Suzuki,20252026,MTL,R,C,57,18,47,65,25,10,1.14,7,33,10,31,1,1,1,1,119,15.1,20:43,49.4
Fedor Svechkov,20252026,NSH,L,C,49,2,7,9,-8,14,0.18,1,8,0,0,1,1,0,0,55,3.6,12:03,44.7
Andrei Svechnikov,20252026,CAR,L,R,57,21,28,49,6,42,0.86,14,30,7,19,0,0,0,3,151,13.9,16:58,50
Brandon Tanev,20252026,UTA,L,L,44,0,2,2,-13,28,0.05,0,2,0,0,0,0,0,0,31,--,9:25,21.4
Chris Tanev,20252026,TOR,R,D,11,0,2,2,8,0,0.18,0,2,0,0,0,0,0,0,8,--,17:58,--
Vladimir Tarasenko,20252026,MIN,L,R,51,15,16,31,-5,8,0.61,11,21,4,10,0,0,0,2,103,14.6,14:59,55.6
John Tavares,20252026,TOR,L,C,57,20,27,47,-16,20,0.82,15,39,5,8,0,0,1,2,140,14.3,17:53,58.6
Teuvo Teravainen,20252026,CHI,L,C,50,10,13,23,-19,4,0.46,6,11,4,12,0,0,0,1,60,16.7,18:06,43.8
Troy Terry,20252026,ANA,R,R,45,13,31,44,7,12,0.98,11,31,0,9,2,4,0,1,107,12.1,18:27,50
Alexandre Texier,20252026,"STL,MTL",L,L,38,7,11,18,9,10,0.47,7,18,0,0,0,0,0,1,58,12.1,13:50,18.8
Shea Theodore,20252026,VGK,L,D,46,7,20,27,13,10,0.59,6,23,1,4,0,0,0,3,93,7.5,23:42,--
Robert Thomas,20252026,STL,R,C,42,11,22,33,-3,12,0.79,6,22,3,9,2,2,0,0,60,18.3,18:58,52.3
Tage Thompson,20252026,BUF,R,C,57,30,29,59,-8,27,1.04,25,42,5,17,0,0,0,3,204,14.7,19:09,45.9
Henry Thrun,20252026,TOR,L,D,4,0,0,0,-1,0,0,0,0,0,0,0,0,0,0,4,--,14:52,--
Conor Timmins,20252026,BUF,R,D,33,0,6,6,-11,16,0.18,0,6,0,0,0,0,0,0,33,--,19:14,--
Owen Tippett,20252026,PHI,R,R,56,19,16,35,-7,26,0.63,15,28,2,5,2,2,0,1,147,12.9,16:25,25
Brady Tkachuk,20252026,OTT,L,L,37,14,23,37,-4,34,1,10,24,3,12,1,1,1,2,144,9.7,17:04,58.4
Matthew Tkachuk,20252026,FLA,L,L,10,3,5,8,-7,31,0.8,1,2,2,6,0,0,0,0,29,10.3,18:41,25
Devon Toews,20252026,COL,L,D,42,1,12,13,27,18,0.31,1,13,0,0,0,0,0,0,71,1.4,22:22,--
Jonathan Toews,20252026,WPG,L,C,56,7,12,19,-17,30,0.34,4,14,3,5,0,0,0,0,76,9.2,15:07,61
Tyler Toffoli,20252026,SJS,R,C,55,15,21,36,-6,10,0.65,10,26,5,10,0,0,1,2,129,11.6,15:52,22.2
Eeli Tolvanen,20252026,SEA,L,R,55,11,20,31,-8,18,0.56,6,20,5,11,0,0,0,0,99,11.1,16:21,--
David Tomasek,20252026,EDM,R,R,22,3,2,5,-6,10,0.23,3,3,0,2,0,0,0,0,30,10,10:46,46.9
Philip Tomasino,20252026,PIT,R,R,9,0,1,1,-2,0,0.11,0,1,0,0,0,0,0,0,9,--,12:10,50
Dominic Toninato,20252026,CHI,L,C,5,0,1,1,1,4,0.2,0,1,0,0,0,0,0,0,6,--,9:12,45.5
Alexey Toropchenko,20252026,STL,L,R,41,3,4,7,-10,24,0.17,2,5,0,0,1,2,0,0,42,7.1,12:12,33.3
Yakov Trenin,20252026,MIN,L,C,58,5,12,17,11,25,0.29,5,17,0,0,0,0,0,1,66,7.6,13:18,39.2
Bogdan Trineyev,20252026,WSH,R,R,2,0,0,0,0,0,0,0,0,0,0,0,0,0,0,1,--,10:32,--
Vincent Trocheck,20252026,NYR,R,C,43,12,24,36,-16,30,0.84,10,25,1,10,1,1,0,1,79,15.2,20:57,56.5
Jacob Trouba,20252026,ANA,R,D,55,9,16,25,-1,19,0.45,9,23,0,1,0,1,1,1,110,8.2,22:35,--
Maksim Tsyplakov,20252026,"NYI,NJD",L,R,31,1,1,2,-11,6,0.06,1,2,0,0,0,0,0,0,24,4.2,9:29,47.4
Alex Tuch,20252026,BUF,R,R,56,22,26,48,14,45,0.86,17,39,4,6,1,3,1,2,133,16.5,18:47,45.2
Tyler Tucker,20252026,STL,L,D,52,3,10,13,-6,60,0.25,3,13,0,0,0,0,0,0,58,5.2,14:10,--
Riley Tufte,20252026,BOS,L,L,4,1,0,1,-1,0,0.25,0,0,1,1,0,0,0,0,4,25,11:40,--
Alex Turcotte,20252026,LAK,L,C,49,3,9,12,-4,19,0.24,3,12,0,0,0,0,0,0,56,5.4,10:57,55.7
T.J. Tynan,20252026,COL,R,C,1,0,0,0,1,0,0,0,0,0,0,0,0,0,0,1,--,8:13,40
Kai Uchacz,20252026,VGK,R,C,2,0,0,0,0,5,0,0,0,0,0,0,0,0,0,1,--,11:58,52.2
Urho Vaakanainen,20252026,NYR,L,D,27,0,4,4,-2,14,0.15,0,4,0,0,0,0,0,0,20,--,13:53,--
James van Riemsdyk,20252026,DET,L,L,49,14,11,25,-11,12,0.51,8,15,6,10,0,0,0,1,82,17.1,12:31,37.5
Trevor van Riemsdyk,20252026,WSH,R,D,45,1,6,7,-5,16,0.16,1,7,0,0,0,0,0,0,25,4,15:33,--
Frank Vatrano,20252026,ANA,L,R,38,3,3,6,-10,36,0.16,3,5,0,1,0,0,0,1,68,4.4,12:21,38.5
Joseph Veleno,20252026,MTL,L,C,49,2,2,4,-8,15,0.08,2,4,0,0,0,0,0,1,45,4.4,12:14,51.5
Carter Verhaeghe,20252026,FLA,L,C,56,16,26,42,-7,30,0.75,13,34,3,8,0,0,0,2,135,11.9,17:37,37.5
Jeffrey Viel,20252026,"BOS,ANA",L,L,19,2,1,3,-1,37,0.16,2,3,0,0,0,0,0,0,27,7.4,11:17,50
Gabriel Vilardi,20252026,WPG,R,C,56,21,29,50,-2,14,0.89,14,34,7,16,0,0,0,2,111,18.9,18:39,46.1
Sandis Vilmanis,20252026,FLA,L,L,14,2,2,4,0,4,0.29,2,4,0,0,0,0,0,0,10,20,10:27,75
Alex Vlasic,20252026,CHI,L,D,56,2,12,14,-13,11,0.25,2,14,0,0,0,0,0,0,59,3.4,20:59,--
Dmitri Voronkov,20252026,CBJ,L,L,56,17,15,32,-2,59,0.57,10,23,7,9,0,0,1,1,104,16.3,14:32,25
Nathan Walker,20252026,STL,L,L,37,4,7,11,-3,24,0.3,4,11,0,0,0,0,0,1,34,11.8,12:15,54.8
Sean Walker,20252026,CAR,R,D,57,4,10,14,-5,47,0.25,4,12,0,1,0,1,0,0,124,3.2,22:13,--
Jake Walman,20252026,EDM,L,D,29,5,10,15,-7,8,0.52,2,11,1,2,2,2,1,1,55,9.1,19:50,--
Taylor Ward,20252026,LAK,R,R,15,2,2,4,3,0,0.27,2,4,0,0,0,0,0,0,16,12.5,10:57,28.6
Marshall Warren,20252026,NYI,L,D,8,0,3,3,0,4,0.38,0,3,0,0,0,0,0,0,7,--,11:29,--
Tim Washe,20252026,ANA,L,C,13,1,1,2,-3,0,0.15,1,2,0,0,0,0,0,0,8,12.5,11:46,56.3
MacKenzie Weegar,20252026,CGY,R,D,56,3,17,20,-32,67,0.36,3,14,0,5,0,1,0,0,123,2.4,23:10,--
Alexander Wennberg,20252026,SJS,L,C,55,10,27,37,-16,14,0.67,5,27,5,10,0,0,1,2,64,15.6,20:48,44.7
Zach Werenski,20252026,CBJ,L,D,52,20,42,62,8,12,1.19,17,46,3,15,0,1,0,2,183,10.9,26:22,--
Colton White,20252026,NJD,L,D,23,0,4,4,2,2,0.17,0,4,0,0,0,0,0,0,14,--,12:15,--
Zach Whitecloud,20252026,"VGK,CGY",R,D,55,2,8,10,-7,22,0.18,2,10,0,0,0,0,0,0,46,4.3,19:24,--
Ozzy Wiesblatt,20252026,NSH,R,C,30,1,3,4,-8,34,0.13,1,4,0,0,0,0,0,0,24,4.2,10:20,--
Tom Willander,20252026,VAN,R,D,45,4,12,16,-7,10,0.36,4,13,0,3,0,0,0,0,40,10,15:12,--
Adam Wilsby,20252026,NSH,L,D,43,1,11,12,-4,27,0.28,1,12,0,0,0,0,0,0,45,2.2,16:56,--
Tom Wilson,20252026,WSH,R,R,50,23,26,49,20,78,0.98,16,38,7,11,0,0,0,2,108,21.3,19:23,48.3
Ryan Winterton,20252026,SEA,R,C,54,3,12,15,3,15,0.28,3,15,0,0,0,0,0,0,61,4.9,11:38,--
Matthew Wood,20252026,NSH,R,R,46,9,8,17,-3,2,0.37,7,12,2,5,0,0,0,0,68,13.2,11:51,42.4
Miles Wood,20252026,CBJ,L,L,37,8,5,13,-5,18,0.35,8,12,0,0,0,1,1,1,53,15.1,12:50,12.5
Parker Wotherspoon,20252026,PIT,L,D,56,3,16,19,7,36,0.34,3,18,0,0,0,1,0,1,51,5.9,20:29,--
Shane Wright,20252026,SEA,R,C,56,11,11,22,5,8,0.39,9,17,2,5,0,0,1,2,84,13.1,13:54,37.9
Arber Xhekaj,20252026,MTL,L,D,50,1,1,2,-7,104,0.04,1,2,0,0,0,0,0,0,32,3.1,11:20,--
Florian Xhekaj,20252026,MTL,L,L,5,0,1,1,-1,7,0.2,0,1,0,0,0,0,0,0,4,--,9:36,--
Kailer Yamamoto,20252026,UTA,R,R,35,9,8,17,12,10,0.49,9,17,0,0,0,0,0,1,33,27.3,11:38,41.7
Cam York,20252026,PHI,L,D,49,4,18,22,-3,20,0.45,3,15,1,7,0,0,0,1,67,6,22:52,--
Danila Yurov,20252026,MIN,L,R,51,8,14,22,-2,18,0.43,8,20,0,2,0,0,0,2,58,13.8,13:14,39.1
Pavel Zacha,20252026,BOS,L,C,54,15,22,37,-5,28,0.69,10,22,5,15,0,0,1,3,87,17.2,17:09,52.2
Nikita Zadorov,20252026,BOS,L,D,56,1,16,17,20,123,0.3,1,17,0,0,0,0,0,0,66,1.5,21:41,--
Egor Zamula,20252026,"PHI,CBJ",L,D,23,0,2,2,6,4,0.09,0,2,0,0,0,0,0,0,14,--,14:15,--
Connor Zary,20252026,CGY,L,C,54,9,12,21,-6,14,0.39,7,14,2,7,0,0,1,1,81,11.1,14:30,41.5
Trevor Zegras,20252026,PHI,L,C,56,20,29,49,-7,34,0.88,12,31,8,18,0,0,0,2,123,16.3,18:43,34.7
Olen Zellweger,20252026,ANA,L,D,55,6,12,18,6,24,0.33,5,15,1,3,0,0,1,1,91,6.6,17:39,--
Fabian Zetterlund,20252026,OTT,R,L,57,12,10,22,-7,16,0.39,8,17,4,5,0,0,0,2,95,12.6,13:40,37.5
Danil Zhilkin,20252026,WPG,L,C,4,0,0,0,2,0,0,0,0,0,0,0,0,0,0,2,--,8:14,31.6
Mika Zibanejad,20252026,NYR,R,C,56,23,29,52,-21,10,0.93,10,28,11,22,2,2,0,3,151,15.2,20:59,51.7
Artem Zub,20252026,OTT,R,D,56,4,15,19,12,34,0.34,4,19,0,0,0,0,0,0,63,6.3,20:10,--
Mats Zuccarello,20252026,MIN,L,R,38,9,24,33,-3,8,0.87,6,20,3,13,0,0,2,2,74,12.2,18:51,47.4
Jason Zucker,20252026,BUF,L,L,38,15,14,29,-9,12,0.76,8,17,7,12,0,0,0,4,79,19,15:59,37.6
